,school,age,address,famsize,Pstatus,Mjob,Fjob,reason,guardian,traveltime,studytime,failures,schoolsup,famsup,paid,activities,nursery,higher,internet,romantic,famrel,health,absences,G1,G2,G3,non_study_time,grade,GPA,Alcohol_Consumption,Parental_Education,age_standardized,studytime_standardized,GPA_standardized,absences_standardized,sex_M
0,GP,18,U,GT3,A,at_home,teacher,course,mother,2,2,0,1,0,0,0,1,1,0,0,4,3,6,5,6,6,4,E,4,1,4,1.0217506382926023,-0.042232285573419244,-1.3675507666531237,0.03637832807313696,0
1,GP,17,U,GT3,T,at_home,other,course,father,1,2,0,0,1,0,0,0,1,1,0,5,3,4,5,5,6,3,E,4,1,1,0.23807781863128694,-0.042232285573419244,-1.3675507666531237,-0.21352496912493457,0
2,GP,15,U,LE3,T,at_home,other,other,mother,1,2,3,1,0,1,0,1,1,1,0,4,3,10,7,8,10,2,D,5,2,1,-1.3292678206913437,-0.042232285573419244,-0.6265596105104847,0.5361849224692801,0
3,GP,15,U,GT3,T,health,services,home,mother,1,3,0,0,1,1,1,1,1,1,1,3,5,2,15,14,15,2,B,7,1,3,-1.3292678206913437,1.1493214859623315,0.8554227017747934,-0.4634282663230061,0
4,GP,16,U,GT3,T,other,other,home,father,1,2,0,0,1,1,0,1,1,0,0,4,5,4,6,10,10,2,D,5,2,3,-0.5455950010300283,-0.042232285573419244,-0.6265596105104847,-0.21352496912493457,0
5,GP,16,U,LE3,T,services,other,reputation,mother,1,2,0,0,1,1,1,1,1,1,0,5,5,10,15,15,15,3,B,7,2,4,-0.5455950010300283,-0.042232285573419244,0.8554227017747934,0.5361849224692801,1
6,GP,16,U,LE3,T,other,other,home,mother,1,2,0,0,0,0,0,1,1,1,0,4,3,0,12,12,11,4,C,6,1,2,-0.5455950010300283,-0.042232285573419244,0.11443154563215434,-0.7133315635210776,1
7,GP,17,U,GT3,A,other,teacher,home,mother,2,2,0,1,1,0,0,1,1,0,0,4,1,6,6,5,6,2,E,4,1,4,0.23807781863128694,-0.042232285573419244,-1.3675507666531237,0.03637832807313696,0
8,GP,15,U,LE3,A,services,other,home,mother,1,2,0,0,1,1,0,1,1,1,0,4,1,0,16,18,19,2,AB,8,1,2,-1.3292678206913437,-0.042232285573419244,1.5964138579174325,-0.7133315635210776,1
9,GP,15,U,GT3,T,other,other,home,mother,1,2,0,0,1,1,1,1,1,1,0,5,5,0,14,15,15,3,B,7,1,4,-1.3292678206913437,-0.042232285573419244,0.8554227017747934,-0.7133315635210776,1
10,GP,15,U,GT3,T,teacher,health,reputation,mother,1,2,0,0,1,1,0,1,1,1,0,3,2,0,10,8,9,3,D,5,2,4,-1.3292678206913437,-0.042232285573419244,-0.6265596105104847,-0.7133315635210776,0
11,GP,15,U,GT3,T,services,other,reputation,father,3,3,0,0,1,0,1,1,1,1,0,5,4,4,10,12,12,2,C,6,1,2,-1.3292678206913437,1.1493214859623315,0.11443154563215434,-0.21352496912493457,0
12,GP,15,U,LE3,T,health,services,course,father,1,1,0,0,1,1,1,1,1,1,0,4,5,2,14,14,14,3,B,7,2,4,-1.3292678206913437,-1.23378605710917,0.8554227017747934,-0.4634282663230061,1
13,GP,15,U,GT3,T,teacher,other,course,mother,2,2,0,0,1,1,0,1,1,1,0,5,3,2,10,10,11,4,C,6,2,4,-1.3292678206913437,-0.042232285573419244,0.11443154563215434,-0.4634282663230061,1
14,GP,15,U,GT3,A,other,other,home,other,1,3,0,0,1,0,0,1,1,1,1,4,3,0,14,16,16,4,B,7,1,2,-1.3292678206913437,1.1493214859623315,0.8554227017747934,-0.7133315635210776,1
15,GP,16,U,GT3,T,health,other,home,mother,1,1,0,0,1,0,0,1,1,1,0,4,2,4,14,14,14,4,B,7,2,4,-0.5455950010300283,-1.23378605710917,0.8554227017747934,-0.21352496912493457,0
16,GP,16,U,GT3,T,services,services,reputation,mother,1,3,0,0,1,1,1,1,1,1,0,3,2,6,13,14,14,2,B,7,2,4,-0.5455950010300283,1.1493214859623315,0.8554227017747934,0.03637832807313696,0
17,GP,16,U,GT3,T,other,other,reputation,mother,3,2,0,1,1,0,1,1,1,0,0,5,4,4,8,10,10,2,D,5,1,3,-0.5455950010300283,-0.042232285573419244,-0.6265596105104847,-0.21352496912493457,0
18,GP,17,U,GT3,T,services,services,course,mother,1,1,3,0,1,0,1,1,1,1,0,5,5,16,6,5,5,5,E,4,3,2,0.23807781863128694,-1.23378605710917,-1.3675507666531237,1.2858948140634945,1
19,GP,16,U,LE3,T,health,other,home,father,1,1,0,0,0,1,1,1,1,1,0,3,5,4,8,10,10,2,D,5,2,4,-0.5455950010300283,-1.23378605710917,-0.6265596105104847,-0.21352496912493457,1
20,GP,15,U,GT3,T,teacher,other,reputation,mother,1,2,0,0,0,0,0,1,1,1,0,4,1,0,13,14,15,2,B,7,1,4,-1.3292678206913437,-0.042232285573419244,0.8554227017747934,-0.7133315635210776,1
21,GP,15,U,GT3,T,health,health,other,father,1,1,0,0,1,1,0,1,1,1,0,5,5,0,12,15,15,3,B,7,1,4,-1.3292678206913437,-1.23378605710917,0.8554227017747934,-0.7133315635210776,1
22,GP,16,U,LE3,T,teacher,other,course,mother,1,2,0,0,0,0,1,1,1,1,0,4,5,2,15,15,16,3,B,7,2,3,-0.5455950010300283,-0.042232285573419244,0.8554227017747934,-0.4634282663230061,1
23,GP,16,U,LE3,T,other,other,reputation,mother,2,2,0,0,1,0,1,1,1,1,0,5,5,0,13,13,12,4,B,7,3,2,-0.5455950010300283,-0.042232285573419244,0.8554227017747934,-0.7133315635210776,1
24,GP,15,R,GT3,T,services,health,course,mother,1,3,0,1,1,1,1,1,1,1,0,4,5,2,10,9,8,2,D,5,1,3,-1.3292678206913437,1.1493214859623315,-0.6265596105104847,-0.4634282663230061,0
25,GP,16,U,GT3,T,services,services,home,mother,1,1,2,0,1,1,0,0,1,1,0,1,5,14,6,9,8,2,D,5,2,2,-0.5455950010300283,-1.23378605710917,-0.6265596105104847,1.035991516865423,0
26,GP,15,U,GT3,T,other,other,home,mother,1,1,0,0,1,1,0,1,1,1,0,4,5,2,12,12,11,2,C,6,2,2,-1.3292678206913437,-1.23378605710917,0.11443154563215434,-0.4634282663230061,1
27,GP,15,U,GT3,T,health,services,other,mother,1,1,0,0,0,1,0,1,1,1,0,2,1,4,15,16,15,3,B,7,3,3,-1.3292678206913437,-1.23378605710917,0.8554227017747934,-0.21352496912493457,1
28,GP,16,U,LE3,A,services,other,home,mother,1,2,0,1,1,0,1,1,1,1,0,5,5,4,11,11,11,3,C,6,1,4,-0.5455950010300283,-0.042232285573419244,0.11443154563215434,-0.21352496912493457,1
29,GP,16,U,GT3,T,teacher,teacher,home,mother,1,2,0,0,1,1,1,1,1,1,1,4,5,16,10,12,11,4,C,6,5,4,-0.5455950010300283,-0.042232285573419244,0.11443154563215434,1.2858948140634945,1
30,GP,15,U,GT3,T,health,services,home,mother,1,2,0,0,1,1,0,0,1,1,0,5,5,0,9,11,12,3,C,6,4,4,-1.3292678206913437,-0.042232285573419244,0.11443154563215434,-0.7133315635210776,1
31,GP,15,U,GT3,T,services,services,reputation,mother,2,2,0,0,1,0,1,1,1,1,0,4,5,0,17,16,17,2,AB,8,1,4,-1.3292678206913437,-0.042232285573419244,1.5964138579174325,-0.7133315635210776,1
32,GP,15,R,GT3,T,teacher,at_home,course,mother,1,2,0,0,1,0,1,1,1,1,1,4,5,0,17,16,16,4,AB,8,1,4,-1.3292678206913437,-0.042232285573419244,1.5964138579174325,-0.7133315635210776,1
33,GP,15,U,LE3,T,other,other,course,mother,1,2,0,0,0,0,1,0,1,1,0,5,2,0,8,10,12,2,C,6,1,3,-1.3292678206913437,-0.042232285573419244,0.11443154563215434,-0.7133315635210776,1
34,GP,16,U,GT3,T,other,other,home,mother,1,1,0,0,1,1,0,0,1,1,0,5,5,0,12,14,15,4,B,7,1,2,-0.5455950010300283,-1.23378605710917,0.8554227017747934,-0.7133315635210776,1
35,GP,15,U,GT3,T,other,other,other,father,2,1,0,0,1,0,1,1,1,0,0,3,5,0,8,7,6,3,D,5,1,2,-1.3292678206913437,-1.23378605710917,-0.6265596105104847,-0.7133315635210776,0
36,GP,15,U,LE3,T,teacher,services,home,mother,1,3,0,0,1,0,1,1,1,1,0,5,4,2,15,16,18,4,AB,8,1,4,-1.3292678206913437,1.1493214859623315,1.5964138579174325,-0.4634282663230061,1
37,GP,16,R,GT3,A,other,teacher,reputation,mother,2,3,0,0,1,0,1,1,1,1,1,2,5,7,15,16,15,4,B,7,1,4,-0.5455950010300283,1.1493214859623315,0.8554227017747934,0.16132997667217272,1
38,GP,15,R,GT3,T,services,health,course,mother,1,3,0,1,1,1,1,1,1,1,0,4,5,2,12,12,11,2,C,6,1,4,-1.3292678206913437,1.1493214859623315,0.11443154563215434,-0.4634282663230061,0
39,GP,15,R,GT3,T,at_home,other,reputation,mother,1,1,0,1,1,1,1,1,1,0,0,4,2,8,14,13,13,2,B,7,1,2,-1.3292678206913437,-1.23378605710917,0.8554227017747934,0.2862816252712085,0
40,GP,16,U,LE3,T,other,other,home,mother,2,2,1,0,1,0,1,0,1,1,1,3,3,25,7,10,11,3,D,5,2,2,-0.5455950010300283,-0.042232285573419244,-0.6265596105104847,2.4104596514548167,0
41,GP,15,U,LE3,T,teacher,other,home,other,1,1,0,0,1,0,0,0,1,1,1,5,5,8,12,12,12,4,C,6,3,4,-1.3292678206913437,-1.23378605710917,0.11443154563215434,0.2862816252712085,1
42,GP,15,U,GT3,T,services,teacher,course,father,1,2,0,0,1,0,1,1,1,1,0,4,5,2,19,18,18,3,AB,8,1,4,-1.3292678206913437,-0.042232285573419244,1.5964138579174325,-0.4634282663230061,1
43,GP,15,U,GT3,T,services,services,course,father,1,1,0,1,1,0,0,1,1,1,0,5,1,0,8,8,11,2,D,5,1,2,-1.3292678206913437,-1.23378605710917,-0.6265596105104847,-0.7133315635210776,1
44,GP,16,U,LE3,T,other,at_home,course,father,2,2,1,1,0,0,1,1,1,1,0,4,5,14,10,10,9,3,C,6,2,2,-0.5455950010300283,-0.042232285573419244,0.11443154563215434,1.035991516865423,0
45,GP,15,U,LE3,A,other,other,course,mother,1,2,0,1,1,1,1,1,1,1,1,5,5,8,8,8,6,2,D,5,1,4,-1.3292678206913437,-0.042232285573419244,-0.6265596105104847,0.2862816252712085,0
46,GP,16,U,LE3,A,other,services,home,mother,1,2,0,0,1,0,0,1,1,1,0,2,3,12,11,12,11,4,C,6,2,3,-0.5455950010300283,-0.042232285573419244,0.11443154563215434,0.7860882196673515,0
47,GP,16,U,GT3,T,health,services,reputation,mother,1,4,0,0,0,0,1,1,1,1,0,4,2,4,19,19,20,2,A,10,1,4,-0.5455950010300283,2.3408752574980825,3.0783961702027107,-0.21352496912493457,1
48,GP,15,U,GT3,T,teacher,other,home,mother,1,2,0,0,1,1,0,1,1,0,0,4,5,2,15,15,14,3,B,7,2,3,-1.3292678206913437,-0.042232285573419244,0.8554227017747934,-0.4634282663230061,1
49,GP,15,U,GT3,T,services,teacher,other,father,1,2,1,1,1,0,1,0,1,1,0,4,3,2,7,7,7,4,D,5,1,4,-1.3292678206913437,-0.042232285573419244,-0.6265596105104847,-0.4634282663230061,0
50,GP,16,U,LE3,T,services,services,course,mother,3,2,0,0,1,1,0,1,1,1,0,4,4,2,12,13,13,3,B,7,2,2,-0.5455950010300283,-0.042232285573419244,0.8554227017747934,-0.4634282663230061,0
51,GP,15,U,LE3,T,health,other,other,mother,1,2,0,0,1,1,0,1,1,1,0,4,5,2,11,13,13,3,C,6,1,3,-1.3292678206913437,-0.042232285573419244,0.11443154563215434,-0.4634282663230061,0
52,GP,15,U,LE3,A,health,health,other,father,2,1,1,0,0,0,0,1,1,0,0,5,5,6,11,11,10,5,C,6,4,3,-1.3292678206913437,-1.23378605710917,0.11443154563215434,0.03637832807313696,1
53,GP,15,U,GT3,T,services,services,course,mother,1,1,0,1,1,1,0,1,1,1,0,3,5,0,8,10,11,4,C,6,2,4,-1.3292678206913437,-1.23378605710917,0.11443154563215434,-0.7133315635210776,0
54,GP,15,U,LE3,A,other,other,other,mother,1,1,0,0,0,1,0,1,1,1,0,5,1,6,10,13,13,4,C,6,4,3,-1.3292678206913437,-1.23378605710917,0.11443154563215434,0.03637832807313696,0
55,GP,16,U,GT3,A,other,other,other,mother,1,2,0,0,0,1,1,1,1,1,1,5,2,8,8,9,10,4,D,5,1,2,-0.5455950010300283,-0.042232285573419244,-0.6265596105104847,0.2862816252712085,0
56,GP,15,U,GT3,A,services,services,reputation,mother,1,2,0,0,1,1,1,1,1,1,0,4,1,0,14,15,15,2,B,7,1,4,-1.3292678206913437,-0.042232285573419244,0.8554227017747934,-0.7133315635210776,0
57,GP,15,U,GT3,T,teacher,health,reputation,mother,1,2,0,0,1,0,1,1,1,0,0,3,5,4,14,15,15,2,B,7,1,4,-1.3292678206913437,-0.042232285573419244,0.8554227017747934,-0.21352496912493457,1
58,GP,15,U,LE3,T,other,at_home,home,father,1,2,0,1,1,0,1,1,1,1,0,4,5,2,9,10,9,2,D,5,1,2,-1.3292678206913437,-0.042232285573419244,-0.6265596105104847,-0.4634282663230061,1
59,GP,16,U,GT3,T,services,other,course,mother,1,2,0,0,1,0,0,1,1,1,0,4,5,2,15,16,16,2,AB,8,1,3,-0.5455950010300283,-0.042232285573419244,1.5964138579174325,-0.4634282663230061,0
60,GP,16,R,GT3,T,health,teacher,other,mother,1,2,0,0,1,0,1,1,1,0,0,2,4,6,10,11,11,4,C,6,2,4,-0.5455950010300283,-0.042232285573419244,0.11443154563215434,0.03637832807313696,0
61,GP,16,U,GT3,T,services,services,course,father,4,1,0,1,1,0,1,0,1,1,1,5,5,6,10,8,11,5,C,6,5,1,-0.5455950010300283,-1.23378605710917,0.11443154563215434,0.03637832807313696,0
62,GP,16,U,LE3,T,other,services,reputation,father,1,2,0,1,0,0,1,1,1,1,0,4,1,4,8,10,9,4,D,5,1,2,-0.5455950010300283,-0.042232285573419244,-0.6265596105104847,-0.21352496912493457,0
63,GP,16,U,GT3,T,teacher,health,home,mother,1,3,0,1,1,1,1,1,1,1,0,3,4,2,10,9,9,4,D,5,3,4,-0.5455950010300283,1.1493214859623315,-0.6265596105104847,-0.4634282663230061,0
64,GP,15,U,LE3,T,services,services,reputation,father,1,2,0,1,0,0,1,1,1,1,1,4,2,0,10,10,10,4,C,6,3,4,-1.3292678206913437,-0.042232285573419244,0.11443154563215434,-0.7133315635210776,0
65,GP,16,U,LE3,T,teacher,services,course,mother,3,2,0,0,1,0,1,1,1,1,0,5,1,2,16,15,15,4,B,7,2,4,-0.5455950010300283,-0.042232285573419244,0.8554227017747934,-0.4634282663230061,0
66,GP,15,U,GT3,A,other,services,reputation,mother,1,4,0,0,1,0,1,0,1,1,1,1,3,4,13,13,12,3,B,7,5,4,-1.3292678206913437,2.3408752574980825,0.8554227017747934,-0.21352496912493457,1
67,GP,16,U,GT3,T,services,other,course,mother,1,4,0,1,1,1,0,1,1,1,0,4,5,4,7,7,6,3,D,5,2,2,-0.5455950010300283,2.3408752574980825,-0.6265596105104847,-0.21352496912493457,0
68,GP,15,R,LE3,T,health,services,reputation,mother,2,2,0,1,1,1,0,1,1,1,0,4,4,2,8,9,8,2,D,5,2,2,-1.3292678206913437,-0.042232285573419244,-0.6265596105104847,-0.4634282663230061,0
69,GP,15,R,LE3,T,other,other,reputation,father,2,4,0,0,1,0,0,0,1,1,0,4,3,12,16,16,16,3,AB,8,2,2,-1.3292678206913437,2.3408752574980825,1.5964138579174325,0.7860882196673515,0
70,GP,16,U,GT3,T,other,other,reputation,father,2,4,0,0,1,1,0,1,1,1,0,4,5,0,13,15,15,2,B,7,1,2,-0.5455950010300283,2.3408752574980825,0.8554227017747934,-0.7133315635210776,1
71,GP,15,U,GT3,T,other,other,course,mother,1,4,0,0,0,0,0,1,1,1,0,3,3,0,10,10,10,3,C,6,1,3,-1.3292678206913437,2.3408752574980825,0.11443154563215434,-0.7133315635210776,1
72,GP,15,R,GT3,T,other,other,reputation,mother,1,2,2,1,1,0,0,0,1,1,1,3,5,2,8,6,5,4,E,4,3,1,-1.3292678206913437,-0.042232285573419244,-1.3675507666531237,-0.4634282663230061,0
73,GP,16,U,GT3,T,other,other,reputation,mother,1,1,0,0,0,0,1,1,1,0,0,5,5,2,12,12,14,2,B,7,2,2,-0.5455950010300283,-1.23378605710917,0.8554227017747934,-0.4634282663230061,1
74,GP,16,U,GT3,T,other,services,home,mother,1,2,0,1,1,1,1,1,1,1,0,4,5,54,11,12,11,3,C,6,3,3,-0.5455950010300283,-0.042232285573419244,0.11443154563215434,6.034057460826853,0
75,GP,15,U,GT3,T,teacher,other,home,mother,1,2,0,0,1,1,1,1,1,1,0,4,5,6,9,9,10,3,D,5,2,4,-1.3292678206913437,-0.042232285573419244,-0.6265596105104847,0.03637832807313696,1
76,GP,15,U,GT3,T,teacher,other,course,mother,2,4,0,0,0,0,1,1,1,1,0,3,1,8,11,11,10,4,C,6,1,2,-1.3292678206913437,2.3408752574980825,0.11443154563215434,0.2862816252712085,1
77,GP,16,U,GT3,T,other,other,reputation,mother,1,4,0,0,0,1,0,1,1,1,1,5,3,0,11,11,11,2,C,6,2,2,-0.5455950010300283,2.3408752574980825,0.11443154563215434,-0.7133315635210776,0
78,GP,17,U,GT3,T,other,other,home,mother,2,1,3,1,1,0,1,1,0,1,0,4,3,2,8,8,10,3,D,5,1,2,0.23807781863128694,-1.23378605710917,-0.6265596105104847,-0.4634282663230061,1
79,GP,16,U,GT3,T,at_home,other,course,mother,1,2,0,0,1,0,0,1,1,1,0,2,3,12,5,5,5,4,E,4,2,4,-0.5455950010300283,-0.042232285573419244,-1.3675507666531237,0.7860882196673515,0
80,GP,15,U,GT3,T,other,services,course,father,1,1,0,1,1,1,1,0,1,1,1,3,3,2,10,12,12,2,C,6,2,2,-1.3292678206913437,-1.23378605710917,0.11443154563215434,-0.4634282663230061,1
81,GP,15,U,GT3,T,other,other,home,mother,1,3,0,1,0,1,0,0,1,1,0,5,5,4,11,10,11,2,C,6,2,2,-1.3292678206913437,1.1493214859623315,0.11443154563215434,-0.21352496912493457,1
82,GP,15,U,LE3,T,services,other,reputation,mother,1,2,0,0,1,1,0,1,1,1,0,4,5,10,7,6,6,4,E,4,1,2,-1.3292678206913437,-0.042232285573419244,-1.3675507666531237,0.5361849224692801,0
83,GP,15,U,LE3,T,services,services,home,mother,2,2,0,0,0,1,1,1,1,1,0,5,4,4,15,15,15,3,B,7,2,2,-1.3292678206913437,-0.042232285573419244,0.8554227017747934,-0.21352496912493457,1
84,GP,15,U,GT3,T,other,other,home,father,1,2,0,0,1,0,1,0,1,1,0,4,4,2,9,10,10,2,C,6,2,1,-1.3292678206913437,-0.042232285573419244,0.11443154563215434,-0.4634282663230061,0
85,GP,15,U,GT3,T,services,services,reputation,father,2,2,2,0,0,1,0,1,1,1,1,4,5,6,7,9,8,4,D,5,2,4,-1.3292678206913437,-0.042232285573419244,-0.6265596105104847,0.03637832807313696,0
86,GP,16,U,LE3,T,at_home,other,course,mother,1,2,0,0,1,0,0,1,1,0,0,4,2,4,8,7,6,4,D,5,2,2,-0.5455950010300283,-0.042232285573419244,-0.6265596105104847,-0.21352496912493457,0
87,GP,15,U,GT3,T,other,other,reputation,mother,1,3,0,0,1,0,1,1,1,1,0,5,1,4,13,14,14,3,B,7,2,3,-1.3292678206913437,1.1493214859623315,0.8554227017747934,-0.21352496912493457,0
88,GP,16,U,GT3,T,services,other,reputation,father,2,2,1,0,0,1,1,0,1,1,0,4,3,12,11,10,10,3,C,6,1,2,-0.5455950010300283,-0.042232285573419244,0.11443154563215434,0.7860882196673515,1
89,GP,16,U,LE3,A,teacher,health,reputation,mother,1,2,0,0,1,0,0,1,1,0,0,4,5,18,8,6,7,2,D,5,4,4,-0.5455950010300283,-0.042232285573419244,-0.6265596105104847,1.5357981112615662,1
90,GP,16,U,GT3,T,other,other,home,mother,1,3,0,0,1,1,0,1,1,1,1,4,4,0,7,7,8,3,D,5,2,3,-0.5455950010300283,1.1493214859623315,-0.6265596105104847,-0.7133315635210776,0
91,GP,15,U,GT3,T,services,other,reputation,mother,1,1,0,0,0,1,1,1,1,1,0,4,1,4,16,17,18,5,AB,8,2,4,-1.3292678206913437,-1.23378605710917,1.5964138579174325,-0.21352496912493457,0
92,GP,16,U,LE3,T,other,other,home,father,1,2,0,1,1,0,0,1,1,0,0,3,2,4,7,6,6,3,E,4,2,2,-0.5455950010300283,-0.042232285573419244,-1.3675507666531237,-0.21352496912493457,0
93,GP,16,U,GT3,T,teacher,services,home,mother,2,2,0,0,1,1,1,1,1,1,0,5,1,0,11,10,10,3,C,6,1,3,-0.5455950010300283,-0.042232285573419244,0.11443154563215434,-0.7133315635210776,0
94,GP,15,U,LE3,T,services,health,reputation,mother,1,4,0,0,1,0,1,1,1,1,0,4,4,6,11,13,14,4,B,7,1,2,-1.3292678206913437,2.3408752574980825,0.8554227017747934,0.03637832807313696,1
95,GP,15,R,GT3,T,at_home,other,home,mother,2,4,1,1,1,1,1,1,1,1,0,3,1,2,7,10,10,2,D,5,1,1,-1.3292678206913437,2.3408752574980825,-0.6265596105104847,-0.4634282663230061,0
96,GP,16,R,GT3,T,services,other,reputation,mother,2,1,0,1,1,0,1,0,1,1,0,3,4,2,11,15,15,3,B,7,1,4,-0.5455950010300283,-1.23378605710917,0.8554227017747934,-0.4634282663230061,1
97,GP,16,U,GT3,T,other,other,course,mother,1,2,0,0,1,1,0,1,1,0,1,4,5,2,8,9,10,4,D,5,1,2,-0.5455950010300283,-0.042232285573419244,-0.6265596105104847,-0.4634282663230061,0
98,GP,16,U,GT3,T,other,other,reputation,mother,1,1,0,0,0,0,1,0,1,1,0,5,1,6,11,14,14,4,B,7,2,4,-0.5455950010300283,-1.23378605710917,0.8554227017747934,0.03637832807313696,0
99,GP,16,U,GT3,T,other,at_home,course,mother,1,3,0,1,1,1,0,1,1,1,0,5,3,0,7,9,8,4,D,5,1,4,-0.5455950010300283,1.1493214859623315,-0.6265596105104847,-0.7133315635210776,0
100,GP,16,U,GT3,T,services,services,other,mother,1,1,0,1,1,1,1,1,1,1,0,4,4,14,7,7,5,5,E,4,5,4,-0.5455950010300283,-1.23378605710917,-1.3675507666531237,1.035991516865423,1
101,GP,16,U,GT3,T,services,teacher,other,father,1,3,0,0,1,0,1,1,1,1,1,4,4,0,16,17,17,4,AB,8,1,4,-0.5455950010300283,1.1493214859623315,1.5964138579174325,-0.7133315635210776,1
102,GP,15,U,GT3,T,services,other,course,mother,1,1,0,0,1,0,1,0,1,1,0,5,5,4,10,13,14,3,C,6,1,4,-1.3292678206913437,-1.23378605710917,0.11443154563215434,-0.21352496912493457,1
103,GP,15,U,GT3,T,services,other,home,mother,2,2,0,1,1,1,0,1,1,1,0,4,2,26,7,6,6,4,E,4,1,2,-1.3292678206913437,-0.042232285573419244,-1.3675507666531237,2.5354113000538523,0
104,GP,15,U,GT3,A,services,other,course,mother,1,2,0,0,1,1,1,1,1,1,0,5,1,0,16,18,18,4,AB,8,1,4,-1.3292678206913437,-0.042232285573419244,1.5964138579174325,-0.7133315635210776,1
105,GP,15,U,GT3,A,other,health,reputation,father,1,4,0,1,0,0,0,1,1,0,0,4,4,10,10,11,11,3,C,6,1,3,-1.3292678206913437,2.3408752574980825,0.11443154563215434,0.5361849224692801,0
106,GP,15,U,GT3,T,other,other,course,mother,1,4,0,1,1,1,0,1,1,1,0,5,3,8,7,8,8,2,D,5,1,2,-1.3292678206913437,2.3408752574980825,-0.6265596105104847,0.2862816252712085,0
107,GP,16,U,GT3,T,services,other,home,father,1,3,0,0,1,0,1,1,1,1,0,5,5,2,16,18,18,3,AB,8,1,3,-0.5455950010300283,1.1493214859623315,1.5964138579174325,-0.4634282663230061,1
108,GP,15,R,GT3,T,other,other,home,father,4,4,0,0,1,1,1,1,1,1,1,1,1,6,10,13,13,4,C,6,4,4,-1.3292678206913437,2.3408752574980825,0.11443154563215434,0.03637832807313696,1
109,GP,16,U,LE3,T,health,health,other,mother,1,3,0,0,1,1,1,1,1,1,1,5,4,4,14,15,16,4,B,7,1,4,-0.5455950010300283,1.1493214859623315,0.8554227017747934,-0.21352496912493457,0
110,GP,15,U,LE3,A,teacher,teacher,course,mother,1,1,0,0,0,0,1,1,1,1,0,5,4,6,18,19,19,4,A,10,1,4,-1.3292678206913437,-1.23378605710917,3.0783961702027107,0.03637832807313696,1
111,GP,16,R,GT3,T,services,other,reputation,father,1,3,1,1,1,0,1,1,1,1,0,4,2,0,7,10,10,2,D,5,1,3,-0.5455950010300283,1.1493214859623315,-0.6265596105104847,-0.7133315635210776,0
112,GP,16,U,GT3,T,at_home,other,home,mother,1,2,1,1,0,0,1,1,1,1,0,3,5,6,10,13,13,2,C,6,1,2,-0.5455950010300283,-0.042232285573419244,0.11443154563215434,0.03637832807313696,0
113,GP,15,U,LE3,T,teacher,other,course,mother,1,1,0,0,0,0,0,1,1,1,0,3,3,10,18,19,19,4,A,10,1,3,-1.3292678206913437,-1.23378605710917,3.0783961702027107,0.5361849224692801,1
114,GP,15,R,GT3,T,health,services,reputation,mother,1,2,0,0,0,0,1,1,1,1,1,5,5,8,9,9,9,3,D,5,1,2,-1.3292678206913437,-0.042232285573419244,-0.6265596105104847,0.2862816252712085,1
115,GP,16,U,GT3,T,teacher,teacher,course,father,1,2,0,0,1,0,1,1,1,1,0,5,5,2,15,15,16,4,B,7,2,4,-0.5455950010300283,-0.042232285573419244,0.8554227017747934,-0.4634282663230061,1
116,GP,15,U,GT3,T,other,teacher,reputation,father,2,2,0,0,1,0,1,1,1,0,0,4,2,2,11,13,14,4,B,7,1,4,-1.3292678206913437,-0.042232285573419244,0.8554227017747934,-0.4634282663230061,1
117,GP,16,U,GT3,T,other,services,home,father,2,1,0,0,0,0,1,1,1,1,0,5,5,0,13,14,13,3,B,7,1,3,-0.5455950010300283,-1.23378605710917,0.8554227017747934,-0.7133315635210776,1
118,GP,17,R,GT3,T,other,other,course,father,3,2,1,0,1,0,1,1,1,1,0,5,5,20,9,7,8,3,D,5,2,2,0.23807781863128694,-0.042232285573419244,-0.6265596105104847,1.7857014084596377,1
119,GP,15,U,GT3,T,other,other,reputation,father,1,1,0,0,0,0,0,1,1,1,0,3,4,6,14,13,13,4,B,7,2,4,-1.3292678206913437,-1.23378605710917,0.8554227017747934,0.03637832807313696,1
120,GP,15,U,GT3,T,at_home,services,course,mother,1,2,0,0,0,0,0,0,1,1,0,3,1,2,16,15,15,2,B,7,2,2,-1.3292678206913437,-0.042232285573419244,0.8554227017747934,-0.4634282663230061,0
121,GP,15,U,GT3,T,services,services,home,father,1,4,0,0,1,1,1,1,1,1,0,5,5,6,16,14,15,4,B,7,2,2,-1.3292678206913437,2.3408752574980825,0.8554227017747934,0.03637832807313696,1
122,GP,16,U,LE3,T,other,health,course,father,2,2,0,0,1,1,1,1,1,1,1,4,5,2,13,13,13,2,B,7,2,3,-0.5455950010300283,-0.042232285573419244,0.8554227017747934,-0.4634282663230061,0
123,GP,16,U,GT3,T,health,other,course,mother,1,1,0,0,1,0,1,1,1,1,0,3,5,18,14,11,13,4,B,7,2,4,-0.5455950010300283,-1.23378605710917,0.8554227017747934,1.5357981112615662,1
124,GP,16,U,GT3,T,other,other,home,mother,1,2,0,0,0,1,0,1,1,1,1,5,5,0,8,7,8,4,D,5,1,2,-0.5455950010300283,-0.042232285573419244,-0.6265596105104847,-0.7133315635210776,0
125,GP,15,U,GT3,T,services,services,home,father,1,1,0,1,0,0,0,1,1,1,0,5,5,0,13,13,12,5,B,7,2,4,-1.3292678206913437,-1.23378605710917,0.8554227017747934,-0.7133315635210776,1
126,GP,15,U,LE3,A,other,other,home,mother,1,2,0,1,0,0,1,1,1,1,1,5,1,0,7,10,11,2,D,5,1,4,-1.3292678206913437,-0.042232285573419244,-0.6265596105104847,-0.7133315635210776,0
127,GP,19,U,GT3,T,at_home,other,course,other,1,2,3,0,1,0,0,0,0,0,0,3,5,2,7,8,9,3,D,5,1,0,1.8054234579539177,-0.042232285573419244,-0.6265596105104847,-0.4634282663230061,0
128,GP,18,R,GT3,T,services,other,reputation,mother,1,1,2,0,1,0,1,1,1,1,0,3,4,0,7,4,0,3,E,4,2,2,1.0217506382926023,-1.23378605710917,-1.3675507666531237,-0.7133315635210776,1
129,GP,16,R,GT3,T,teacher,teacher,course,mother,1,1,0,0,0,1,1,1,1,1,0,3,4,8,18,18,18,5,AB,8,4,4,-0.5455950010300283,-1.23378605710917,1.5964138579174325,0.2862816252712085,1
130,GP,15,R,GT3,T,services,teacher,course,father,2,3,2,0,1,0,0,1,1,1,1,4,5,0,12,0,0,2,E,4,2,4,-1.3292678206913437,1.1493214859623315,-1.3675507666531237,-0.7133315635210776,0
131,GP,15,U,GT3,T,at_home,other,course,mother,3,1,0,0,1,0,1,0,1,1,1,4,4,0,8,0,0,3,F,2,2,1,-1.3292678206913437,-1.23378605710917,-2.849533078938402,-0.7133315635210776,0
132,GP,17,U,LE3,T,other,other,course,father,1,1,0,0,1,0,0,1,1,1,1,3,5,12,10,13,12,4,C,6,2,2,0.23807781863128694,-1.23378605710917,0.11443154563215434,0.7860882196673515,0
133,GP,16,U,GT3,A,services,other,course,father,1,1,0,0,0,0,0,1,1,1,0,3,5,16,12,11,11,2,C,6,2,4,-0.5455950010300283,-1.23378605710917,0.11443154563215434,1.2858948140634945,0
134,GP,15,R,GT3,T,at_home,teacher,course,mother,4,2,0,0,1,0,0,1,1,0,1,5,5,0,9,0,0,3,F,2,1,4,-1.3292678206913437,-0.042232285573419244,-2.849533078938402,-0.7133315635210776,1
135,GP,15,U,GT3,T,services,at_home,course,mother,1,3,0,0,1,0,1,1,1,1,1,4,5,0,11,0,0,3,E,4,1,4,-1.3292678206913437,1.1493214859623315,-1.3675507666531237,-0.7133315635210776,0
136,GP,17,R,GT3,T,at_home,other,course,mother,3,2,0,0,0,0,0,1,1,0,0,5,5,0,10,0,0,4,F,2,3,4,0.23807781863128694,-0.042232285573419244,-2.849533078938402,-0.7133315635210776,1
137,GP,16,U,GT3,A,other,other,course,other,2,1,2,0,1,0,1,0,1,1,1,4,5,0,4,0,0,2,F,2,1,3,-0.5455950010300283,-1.23378605710917,-2.849533078938402,-0.7133315635210776,0
138,GP,16,U,LE3,T,services,other,course,mother,1,2,1,0,0,0,0,1,1,0,1,4,5,0,14,12,12,4,B,7,2,1,-0.5455950010300283,-0.042232285573419244,0.8554227017747934,-0.7133315635210776,1
139,GP,15,U,GT3,T,teacher,teacher,course,mother,2,1,0,0,0,0,1,1,1,1,0,4,5,0,16,16,15,2,AB,8,1,4,-1.3292678206913437,-1.23378605710917,1.5964138579174325,-0.7133315635210776,0
140,GP,15,U,GT3,T,teacher,services,course,father,2,4,0,1,1,0,0,1,1,1,0,2,3,0,7,9,0,2,E,4,1,4,-1.3292678206913437,2.3408752574980825,-1.3675507666531237,-0.7133315635210776,1
141,GP,16,U,LE3,T,services,services,reputation,father,2,1,2,0,1,0,1,1,1,1,0,2,2,8,9,9,9,3,D,5,2,2,-0.5455950010300283,-1.23378605710917,-0.6265596105104847,0.2862816252712085,1
142,GP,15,U,GT3,T,teacher,services,course,mother,1,3,0,0,1,1,1,1,1,1,0,4,5,2,9,11,11,2,C,6,1,4,-1.3292678206913437,1.1493214859623315,0.11443154563215434,-0.4634282663230061,0
143,GP,16,U,LE3,T,at_home,at_home,course,mother,1,1,0,0,0,0,0,1,1,1,0,3,1,2,14,14,13,4,B,7,3,1,-0.5455950010300283,-1.23378605710917,0.8554227017747934,-0.4634282663230061,0
144,GP,17,U,GT3,T,other,other,home,mother,1,1,3,0,1,0,0,1,1,1,0,5,5,0,5,0,0,4,F,2,2,2,0.23807781863128694,-1.23378605710917,-2.849533078938402,-0.7133315635210776,1
145,GP,15,U,GT3,T,other,services,course,father,1,2,0,0,1,1,0,1,1,1,0,4,5,0,8,11,11,3,C,6,2,1,-1.3292678206913437,-0.042232285573419244,0.11443154563215434,-0.7133315635210776,0
146,GP,15,U,GT3,T,health,services,home,father,1,2,3,0,1,0,0,1,1,1,0,3,3,0,6,7,0,2,E,4,1,2,-1.3292678206913437,-0.042232285573419244,-1.3675507666531237,-0.7133315635210776,0
147,GP,15,U,GT3,T,at_home,other,course,mother,1,2,0,0,1,1,0,0,1,1,0,4,5,2,10,11,11,2,C,6,1,2,-1.3292678206913437,-0.042232285573419244,0.11443154563215434,-0.4634282663230061,0
148,GP,16,U,GT3,T,teacher,teacher,course,mother,1,1,0,0,1,0,0,1,0,1,1,3,5,0,7,6,0,2,E,4,2,4,-0.5455950010300283,-1.23378605710917,-1.3675507666531237,-0.7133315635210776,1
149,GP,15,U,LE3,A,services,other,course,mother,4,1,3,0,0,0,0,1,1,1,0,4,5,0,8,9,10,5,D,5,4,2,-1.3292678206913437,-1.23378605710917,-0.6265596105104847,-0.7133315635210776,1
150,GP,18,U,LE3,T,other,other,course,mother,1,1,3,0,0,0,0,1,0,1,1,2,4,0,6,5,0,4,E,4,4,1,1.0217506382926023,-1.23378605710917,-1.3675507666531237,-0.7133315635210776,1
151,GP,16,U,LE3,T,at_home,other,course,mother,1,1,1,0,0,0,1,1,1,0,1,4,5,6,12,13,14,4,B,7,4,2,-0.5455950010300283,-1.23378605710917,0.8554227017747934,0.03637832807313696,1
152,GP,15,R,GT3,T,services,services,reputation,other,2,3,2,0,1,1,1,1,1,1,1,4,3,8,10,10,10,2,C,6,2,3,-1.3292678206913437,1.1493214859623315,0.11443154563215434,0.2862816252712085,0
153,GP,19,U,GT3,T,services,at_home,home,mother,1,1,3,0,1,0,0,1,0,1,1,4,4,0,5,0,0,4,F,2,1,2,1.8054234579539177,-1.23378605710917,-2.849533078938402,-0.7133315635210776,1
154,GP,17,U,GT3,T,other,teacher,course,mother,1,1,0,1,1,0,0,1,1,0,1,4,4,0,11,11,12,2,C,6,1,4,0.23807781863128694,-1.23378605710917,0.11443154563215434,-0.7133315635210776,0
155,GP,15,R,GT3,T,at_home,services,course,mother,1,2,0,1,0,1,1,1,1,0,0,4,1,2,11,8,8,4,D,5,1,2,-1.3292678206913437,-0.042232285573419244,-0.6265596105104847,-0.4634282663230061,1
156,GP,17,R,LE3,T,other,other,reputation,mother,1,1,0,0,0,0,0,1,1,0,0,2,5,8,16,12,13,2,B,7,3,2,0.23807781863128694,-1.23378605710917,0.8554227017747934,0.2862816252712085,1
157,GP,18,R,GT3,T,at_home,other,course,mother,3,1,3,0,1,0,1,0,1,0,0,5,4,6,9,8,10,4,D,5,3,1,1.0217506382926023,-1.23378605710917,-0.6265596105104847,0.03637832807313696,0
158,GP,16,R,GT3,T,at_home,other,course,mother,3,1,0,0,0,0,0,0,1,0,0,4,3,2,17,15,15,2,AB,8,2,2,-0.5455950010300283,-1.23378605710917,1.5964138579174325,-0.4634282663230061,1
159,GP,16,U,GT3,T,other,services,course,father,1,2,1,0,1,1,0,1,1,1,1,4,5,4,10,12,12,5,C,6,4,3,-0.5455950010300283,-0.042232285573419244,0.11443154563215434,-0.21352496912493457,1
160,GP,17,R,LE3,T,at_home,other,course,mother,2,1,2,0,0,0,1,1,0,1,1,3,5,0,7,6,0,2,E,4,2,2,0.23807781863128694,-1.23378605710917,-1.3675507666531237,-0.7133315635210776,1
161,GP,15,R,GT3,T,other,other,course,mother,2,2,2,1,1,0,0,1,1,1,1,4,3,6,5,9,7,4,D,5,2,2,-1.3292678206913437,-0.042232285573419244,-0.6265596105104847,0.03637832807313696,1
162,GP,16,U,LE3,T,other,other,course,mother,2,1,1,0,0,0,1,1,1,0,0,4,5,0,7,0,0,4,F,2,3,2,-0.5455950010300283,-1.23378605710917,-2.849533078938402,-0.7133315635210776,1
163,GP,17,U,GT3,T,at_home,services,course,father,1,1,0,0,0,0,0,1,0,1,0,5,2,2,10,10,10,3,C,6,2,2,0.23807781863128694,-1.23378605710917,0.11443154563215434,-0.4634282663230061,1
164,GP,17,R,LE3,T,other,services,course,mother,4,2,3,0,0,0,1,1,0,0,1,5,5,0,5,8,7,4,D,5,3,1,0.23807781863128694,-0.042232285573419244,-0.6265596105104847,-0.7133315635210776,1
165,GP,16,U,GT3,T,services,services,course,mother,2,1,1,0,1,0,1,0,0,0,0,4,2,16,12,11,12,4,C,6,1,2,-0.5455950010300283,-1.23378605710917,0.11443154563215434,1.2858948140634945,1
166,GP,16,U,GT3,T,other,other,course,father,1,2,0,0,0,0,0,1,0,1,0,4,4,4,10,10,10,4,C,6,3,2,-0.5455950010300283,-0.042232285573419244,0.11443154563215434,-0.21352496912493457,1
167,GP,16,U,GT3,T,health,services,home,father,1,2,0,0,0,1,0,1,1,1,1,4,3,0,14,15,16,2,B,7,1,3,-0.5455950010300283,-0.042232285573419244,0.8554227017747934,-0.7133315635210776,0
168,GP,16,U,GT3,T,other,other,home,mother,1,2,0,0,1,1,0,0,1,1,0,5,4,0,6,7,0,3,E,4,1,2,-0.5455950010300283,-0.042232285573419244,-1.3675507666531237,-0.7133315635210776,0
169,GP,16,U,GT3,T,health,health,reputation,mother,1,2,0,0,1,1,0,1,1,1,1,4,3,0,14,14,14,3,B,7,1,4,-0.5455950010300283,-0.042232285573419244,0.8554227017747934,-0.7133315635210776,0
170,GP,16,U,GT3,T,other,other,course,father,3,1,2,0,1,0,1,0,1,1,0,3,2,0,6,5,0,4,E,4,3,4,-0.5455950010300283,-1.23378605710917,-1.3675507666531237,-0.7133315635210776,1
171,GP,16,U,GT3,T,other,other,reputation,mother,2,2,0,0,1,1,1,1,1,1,1,4,3,2,13,15,16,2,B,7,1,0,-0.5455950010300283,-0.042232285573419244,0.8554227017747934,-0.4634282663230061,1
172,GP,17,U,LE3,T,teacher,other,reputation,mother,1,2,0,0,1,1,1,1,1,1,0,4,5,0,13,11,10,4,C,6,2,4,0.23807781863128694,-0.042232285573419244,0.11443154563215434,-0.7133315635210776,1
173,GP,16,U,GT3,T,at_home,services,home,mother,1,2,3,0,0,0,1,0,1,1,1,4,3,0,8,7,0,4,E,4,1,2,-0.5455950010300283,-0.042232285573419244,-1.3675507666531237,-0.7133315635210776,0
174,GP,16,U,LE3,T,other,other,reputation,mother,2,2,0,0,1,1,1,1,1,1,0,4,4,4,10,11,9,4,C,6,1,3,-0.5455950010300283,-0.042232285573419244,0.11443154563215434,-0.21352496912493457,0
175,GP,17,U,LE3,T,teacher,other,course,mother,2,2,0,0,0,1,1,1,1,1,0,4,4,4,10,9,9,4,D,5,4,4,0.23807781863128694,-0.042232285573419244,-0.6265596105104847,-0.21352496912493457,1
176,GP,16,U,GT3,T,services,other,reputation,mother,2,2,0,0,0,1,1,0,1,1,0,3,5,2,13,13,11,4,C,6,2,2,-0.5455950010300283,-0.042232285573419244,0.11443154563215434,-0.4634282663230061,0
177,GP,17,U,GT3,T,other,other,reputation,father,1,2,0,0,0,0,1,0,1,1,0,4,4,4,6,5,6,4,E,4,2,3,0.23807781863128694,-0.042232285573419244,-1.3675507666531237,-0.21352496912493457,1
178,GP,16,R,GT3,T,teacher,services,other,mother,1,1,0,0,1,0,1,1,1,1,1,4,3,10,10,8,9,3,D,5,4,3,-0.5455950010300283,-1.23378605710917,-0.6265596105104847,0.5361849224692801,1
179,GP,17,U,GT3,T,other,other,course,mother,1,2,0,0,1,0,1,1,1,1,1,5,2,4,10,10,11,2,C,6,1,4,0.23807781863128694,-0.042232285573419244,0.11443154563215434,-0.21352496912493457,1
180,GP,16,U,GT3,T,teacher,other,home,mother,1,2,0,0,1,1,1,1,1,1,0,3,3,10,9,8,8,4,D,5,2,4,-0.5455950010300283,-0.042232285573419244,-0.6265596105104847,0.5361849224692801,1
181,GP,16,U,GT3,T,services,other,home,mother,1,2,0,0,0,1,1,1,1,1,1,4,3,2,12,13,12,2,C,6,2,3,-0.5455950010300283,-0.042232285573419244,0.11443154563215434,-0.4634282663230061,1
182,GP,17,U,GT3,T,services,services,reputation,father,1,2,0,0,1,0,1,1,1,0,0,5,5,0,16,17,17,3,AB,8,2,3,0.23807781863128694,-0.042232285573419244,1.5964138579174325,-0.7133315635210776,0
183,GP,17,U,LE3,T,other,other,reputation,mother,1,2,0,0,1,0,1,1,1,1,1,5,1,56,9,9,8,3,D,5,2,3,0.23807781863128694,-0.042232285573419244,-0.6265596105104847,6.283960758024925,0
184,GP,16,U,GT3,T,other,other,reputation,mother,1,2,0,0,1,1,0,1,1,1,0,1,1,14,12,13,12,2,C,6,2,2,-0.5455950010300283,-0.042232285573419244,0.11443154563215434,1.035991516865423,0
185,GP,17,U,GT3,T,services,services,other,mother,1,2,0,0,1,0,1,1,1,1,1,4,4,12,12,12,11,4,C,6,2,3,0.23807781863128694,-0.042232285573419244,0.11443154563215434,0.7860882196673515,1
186,GP,16,U,GT3,T,services,services,other,mother,1,1,0,0,1,1,1,1,1,1,1,3,3,2,11,12,11,3,C,6,2,2,-0.5455950010300283,-1.23378605710917,0.11443154563215434,-0.4634282663230061,1
187,GP,16,U,LE3,T,other,other,course,mother,1,2,0,0,0,1,1,1,1,1,1,4,5,0,15,15,15,2,B,7,2,2,-0.5455950010300283,-0.042232285573419244,0.8554227017747934,-0.7133315635210776,1
188,GP,17,U,GT3,A,health,other,reputation,mother,1,2,0,0,1,0,0,0,1,1,1,3,3,6,8,7,9,3,D,5,2,3,0.23807781863128694,-0.042232285573419244,-0.6265596105104847,0.03637832807313696,0
189,GP,17,R,GT3,T,at_home,other,home,mother,1,2,0,0,0,0,0,1,1,0,0,3,3,4,8,9,10,2,D,5,3,2,0.23807781863128694,-0.042232285573419244,-0.6265596105104847,-0.21352496912493457,1
190,GP,16,U,GT3,T,services,services,course,mother,1,2,0,0,0,0,0,1,1,1,0,4,2,10,11,12,13,3,C,6,1,2,-0.5455950010300283,-0.042232285573419244,0.11443154563215434,0.5361849224692801,0
191,GP,17,U,GT3,T,at_home,services,course,mother,1,2,0,0,0,0,1,1,1,1,0,5,3,0,8,8,9,3,D,5,1,1,0.23807781863128694,-0.042232285573419244,-0.6265596105104847,-0.7133315635210776,0
192,GP,17,U,GT3,T,at_home,services,other,other,2,2,0,0,0,1,1,0,1,1,0,4,5,12,7,8,8,4,D,5,4,2,0.23807781863128694,-0.042232285573419244,-0.6265596105104847,0.7860882196673515,1
193,GP,16,R,GT3,T,services,services,reputation,mother,1,1,0,0,1,0,1,1,1,1,0,4,5,8,8,9,10,2,D,5,4,3,-0.5455950010300283,-1.23378605710917,-0.6265596105104847,0.2862816252712085,1
194,GP,16,U,GT3,T,other,other,home,father,2,1,0,0,0,0,0,1,1,1,0,5,3,0,13,14,14,3,B,7,1,2,-0.5455950010300283,-1.23378605710917,0.8554227017747934,-0.7133315635210776,1
195,GP,17,U,LE3,T,services,services,course,father,1,2,0,0,0,0,1,1,1,1,1,4,5,0,14,15,15,2,B,7,1,3,0.23807781863128694,-0.042232285573419244,0.8554227017747934,-0.7133315635210776,0
196,GP,17,U,GT3,T,services,teacher,home,mother,1,1,0,0,0,0,0,1,1,1,0,5,5,4,17,15,16,2,AB,8,2,4,0.23807781863128694,-1.23378605710917,1.5964138579174325,-0.21352496912493457,1
197,GP,16,R,LE3,T,teacher,other,home,father,3,1,0,0,1,1,1,1,1,1,0,3,3,8,9,9,10,4,D,5,4,3,-0.5455950010300283,-1.23378605710917,-0.6265596105104847,0.2862816252712085,1
198,GP,17,U,GT3,T,services,teacher,home,mother,2,1,1,0,1,0,0,1,1,1,0,4,2,24,18,18,18,3,AB,8,2,4,0.23807781863128694,-1.23378605710917,1.5964138579174325,2.2855080028557806,0
199,GP,16,U,LE3,T,teacher,teacher,reputation,mother,1,2,0,0,1,1,0,1,1,1,0,4,3,0,9,9,10,4,D,5,2,4,-0.5455950010300283,-0.042232285573419244,-0.6265596105104847,-0.7133315635210776,0
200,GP,16,U,GT3,T,health,other,home,mother,1,2,0,0,1,0,1,1,1,1,0,4,2,2,16,16,16,4,AB,8,3,4,-0.5455950010300283,-0.042232285573419244,1.5964138579174325,-0.4634282663230061,0
201,GP,16,U,GT3,T,other,other,reputation,mother,1,2,0,1,1,1,1,1,1,0,0,4,4,6,8,10,10,4,D,5,2,2,-0.5455950010300283,-0.042232285573419244,-0.6265596105104847,0.03637832807313696,0
202,GP,17,U,GT3,T,other,other,course,mother,1,2,0,0,1,1,0,0,1,0,0,4,1,4,9,9,10,4,D,5,2,1,0.23807781863128694,-0.042232285573419244,-0.6265596105104847,-0.21352496912493457,0
203,GP,17,R,GT3,T,other,other,reputation,mother,1,1,0,0,1,0,0,1,1,1,0,5,3,18,7,6,6,2,E,4,2,2,0.23807781863128694,-1.23378605710917,-1.3675507666531237,1.5357981112615662,0
204,GP,16,R,GT3,T,services,services,reputation,mother,2,4,0,0,1,1,1,0,1,1,0,5,5,6,10,10,11,4,C,6,1,2,-0.5455950010300283,2.3408752574980825,0.11443154563215434,0.03637832807313696,0
205,GP,17,U,GT3,T,at_home,services,home,mother,1,3,1,0,1,1,0,1,1,1,1,4,5,28,10,9,9,4,D,5,4,4,0.23807781863128694,1.1493214859623315,-0.6265596105104847,2.7853145972519235,0
206,GP,16,U,GT3,A,services,other,course,mother,1,2,3,0,1,1,0,1,1,1,0,2,4,5,7,7,7,3,D,5,2,2,-0.5455950010300283,-0.042232285573419244,-0.6265596105104847,-0.0885733205258988,0
207,GP,16,U,GT3,T,teacher,other,other,mother,1,2,0,0,0,1,1,1,1,1,1,1,1,10,11,12,13,2,C,6,1,4,-0.5455950010300283,-0.042232285573419244,0.11443154563215434,0.5361849224692801,0
208,GP,16,U,GT3,T,at_home,other,home,mother,2,1,0,0,1,1,0,1,1,0,0,4,5,6,9,9,10,2,D,5,2,1,-0.5455950010300283,-1.23378605710917,-0.6265596105104847,0.03637832807313696,0
209,GP,17,R,GT3,T,teacher,other,reputation,mother,2,3,0,0,1,1,1,1,1,1,1,4,4,6,7,7,7,3,D,5,1,4,0.23807781863128694,1.1493214859623315,-0.6265596105104847,0.03637832807313696,0
210,GP,19,U,GT3,T,other,other,reputation,other,1,4,0,0,1,1,1,1,1,1,0,4,3,10,8,8,8,3,D,5,2,3,1.8054234579539177,2.3408752574980825,-0.6265596105104847,0.5361849224692801,0
211,GP,17,U,LE3,T,services,other,home,mother,1,2,0,0,1,1,0,1,1,1,1,5,3,13,12,12,13,4,C,6,4,4,0.23807781863128694,-0.042232285573419244,0.11443154563215434,0.9110398682663873,1
212,GP,16,U,GT3,A,other,other,reputation,mother,1,2,0,1,1,1,0,1,1,1,0,3,4,0,12,13,14,4,B,7,1,2,-0.5455950010300283,-0.042232285573419244,0.8554227017747934,-0.7133315635210776,0
213,GP,18,U,GT3,T,services,other,home,mother,1,2,1,0,1,1,1,1,1,1,0,4,5,15,6,7,8,4,D,5,3,2,1.0217506382926023,-0.042232285573419244,-0.6265596105104847,1.1609431654644589,1
214,GP,17,R,LE3,T,services,other,other,mother,1,1,0,0,1,1,0,1,1,0,0,5,3,12,8,10,10,2,D,5,2,4,0.23807781863128694,-1.23378605710917,-0.6265596105104847,0.7860882196673515,0
215,GP,17,U,LE3,T,other,other,reputation,mother,2,2,0,0,0,1,0,1,1,1,0,4,1,2,14,15,15,4,B,7,2,2,0.23807781863128694,-0.042232285573419244,0.8554227017747934,-0.4634282663230061,0
216,GP,17,U,GT3,T,other,other,reputation,mother,1,2,2,0,0,1,0,1,1,1,1,3,1,22,6,6,4,4,E,4,3,4,0.23807781863128694,-0.042232285573419244,-1.3675507666531237,2.0356047056577093,0
217,GP,18,U,LE3,T,services,health,home,father,1,2,1,0,1,1,0,1,1,1,0,3,4,13,6,6,8,3,D,5,3,3,1.0217506382926023,-0.042232285573419244,-0.6265596105104847,0.9110398682663873,1
218,GP,17,U,GT3,T,at_home,other,home,father,2,1,0,0,1,1,0,1,1,0,0,3,3,3,7,7,8,3,D,5,2,2,0.23807781863128694,-1.23378605710917,-0.6265596105104847,-0.3384766177239703,0
219,GP,17,U,GT3,T,at_home,at_home,course,mother,1,3,0,0,1,1,1,1,1,1,0,4,4,4,9,10,10,3,C,6,1,2,0.23807781863128694,1.1493214859623315,0.11443154563215434,-0.21352496912493457,0
220,GP,17,R,GT3,T,at_home,services,reputation,mother,2,2,0,0,1,0,1,1,1,1,0,4,5,2,6,6,6,4,E,4,2,2,0.23807781863128694,-0.042232285573419244,-1.3675507666531237,-0.4634282663230061,0
221,GP,17,U,GT3,T,at_home,other,reputation,mother,1,3,1,0,1,0,1,1,1,0,1,4,5,0,6,5,0,4,E,4,1,1,0.23807781863128694,1.1493214859623315,-1.3675507666531237,-0.7133315635210776,0
222,GP,16,U,GT3,T,services,teacher,other,mother,1,2,0,1,0,0,0,1,1,1,0,2,3,2,16,16,17,2,AB,8,1,2,-0.5455950010300283,-0.042232285573419244,1.5964138579174325,-0.4634282663230061,0
223,GP,18,U,GT3,T,other,other,home,mother,2,2,0,0,1,1,0,1,1,1,0,3,4,0,12,13,13,3,B,7,5,2,1.0217506382926023,-0.042232285573419244,0.8554227017747934,-0.7133315635210776,1
224,GP,16,U,GT3,T,teacher,services,home,mother,1,3,0,0,1,0,1,0,1,1,0,5,5,0,13,13,14,2,B,7,1,4,-0.5455950010300283,1.1493214859623315,0.8554227017747934,-0.7133315635210776,0
225,GP,18,R,GT3,T,other,other,reputation,mother,1,2,1,0,0,0,1,1,1,1,1,5,4,16,9,8,7,3,D,5,1,2,1.0217506382926023,-0.042232285573419244,-0.6265596105104847,1.2858948140634945,0
226,GP,17,U,GT3,T,other,other,course,mother,1,2,0,0,0,0,1,0,1,1,0,5,3,10,16,15,15,4,B,7,2,2,0.23807781863128694,-0.042232285573419244,0.8554227017747934,0.5361849224692801,0
227,GP,17,U,LE3,T,services,services,reputation,father,1,2,0,0,1,1,0,0,1,1,0,5,3,2,12,11,12,3,C,6,2,2,0.23807781863128694,-0.042232285573419244,0.11443154563215434,-0.4634282663230061,1
228,GP,18,U,LE3,T,at_home,other,course,mother,4,2,0,1,1,1,1,1,1,1,1,4,3,14,10,8,9,2,D,5,4,2,1.0217506382926023,-0.042232285573419244,-0.6265596105104847,1.035991516865423,1
229,GP,17,U,GT3,A,other,other,course,mother,2,3,0,0,0,0,1,1,1,1,1,3,3,10,12,10,12,2,C,6,2,2,0.23807781863128694,1.1493214859623315,0.11443154563215434,0.5361849224692801,0
230,GP,17,U,LE3,T,health,other,reputation,father,1,2,0,0,0,0,1,1,1,1,1,3,3,14,13,13,14,2,B,7,2,4,0.23807781863128694,-0.042232285573419244,0.8554227017747934,1.035991516865423,0
231,GP,17,R,GT3,T,other,other,course,father,2,2,0,0,1,1,1,1,1,1,0,4,1,4,11,11,11,4,C,6,1,2,0.23807781863128694,-0.042232285573419244,0.11443154563215434,-0.21352496912493457,1
232,GP,17,U,GT3,T,teacher,teacher,reputation,mother,1,2,0,1,1,0,1,1,1,1,1,4,2,14,11,9,9,5,C,6,2,4,0.23807781863128694,-0.042232285573419244,0.11443154563215434,1.035991516865423,1
233,GP,16,U,GT3,T,health,other,reputation,father,1,2,0,0,1,1,1,1,1,1,0,4,1,2,14,13,13,3,B,7,3,4,-0.5455950010300283,-0.042232285573419244,0.8554227017747934,-0.4634282663230061,1
234,GP,16,U,LE3,T,other,other,home,mother,2,2,0,0,1,1,0,1,1,1,0,3,5,18,9,7,6,3,D,5,1,1,-0.5455950010300283,-0.042232285573419244,-0.6265596105104847,1.5357981112615662,1
235,GP,16,U,GT3,T,at_home,other,reputation,mother,2,3,0,0,0,0,1,1,1,1,1,5,2,10,11,9,10,3,C,6,2,2,-0.5455950010300283,1.1493214859623315,0.11443154563215434,0.5361849224692801,1
236,GP,17,U,LE3,T,other,other,home,father,1,2,0,0,0,1,1,0,1,1,1,4,4,4,14,13,13,3,B,7,5,2,0.23807781863128694,-0.042232285573419244,0.8554227017747934,-0.21352496912493457,1
237,GP,16,U,GT3,T,other,other,home,mother,1,1,0,0,0,0,0,1,1,1,1,4,5,20,13,12,12,4,C,6,1,2,-0.5455950010300283,-1.23378605710917,0.11443154563215434,1.7857014084596377,0
238,GP,17,R,GT3,T,at_home,services,course,mother,3,2,0,0,0,0,1,1,1,0,0,2,3,2,13,11,11,1,C,6,1,2,0.23807781863128694,-0.042232285573419244,0.11443154563215434,-0.4634282663230061,0
239,GP,18,U,GT3,T,other,services,reputation,father,1,2,1,0,0,0,0,1,0,1,0,5,2,0,7,7,0,4,E,4,4,2,1.0217506382926023,-0.042232285573419244,-1.3675507666531237,-0.7133315635210776,1
240,GP,17,U,LE3,T,health,other,course,mother,2,2,0,0,0,0,1,1,1,1,1,2,5,14,12,12,12,5,C,6,2,4,0.23807781863128694,-0.042232285573419244,0.11443154563215434,1.035991516865423,1
241,GP,17,R,LE3,A,teacher,other,course,mother,2,2,0,0,1,1,0,1,1,1,0,3,4,2,10,11,12,3,C,6,2,4,0.23807781863128694,-0.042232285573419244,0.11443154563215434,-0.4634282663230061,1
242,GP,16,U,LE3,T,teacher,other,course,mother,1,1,0,0,0,0,1,0,1,1,0,5,3,0,6,0,0,4,F,2,1,4,-0.5455950010300283,-1.23378605710917,-2.849533078938402,-0.7133315635210776,1
243,GP,16,U,GT3,T,services,services,course,mother,1,1,0,0,0,0,1,1,1,1,0,5,5,0,13,12,12,2,C,6,2,4,-0.5455950010300283,-1.23378605710917,0.11443154563215434,-0.7133315635210776,1
244,GP,18,U,GT3,T,other,other,course,other,2,3,0,0,1,1,0,0,1,1,1,4,3,0,7,0,0,4,F,2,1,2,1.0217506382926023,1.1493214859623315,-2.849533078938402,-0.7133315635210776,0
245,GP,16,U,GT3,T,other,other,course,mother,3,1,0,0,0,0,0,1,1,1,0,4,4,6,18,18,18,3,AB,8,1,2,-0.5455950010300283,-1.23378605710917,1.5964138579174325,0.03637832807313696,1
246,GP,17,U,GT3,T,other,other,course,father,2,1,0,0,0,0,0,1,1,1,0,5,2,4,12,12,13,2,C,6,1,2,0.23807781863128694,-1.23378605710917,0.11443154563215434,-0.21352496912493457,1
247,GP,22,U,GT3,T,services,services,other,mother,1,1,3,0,0,0,0,0,0,1,1,5,1,16,6,8,8,4,D,5,5,2,4.1564419169378635,-1.23378605710917,-0.6265596105104847,1.2858948140634945,1
248,GP,18,R,LE3,T,other,services,course,mother,1,2,1,0,1,0,0,1,1,1,1,4,5,8,3,5,5,3,E,4,2,3,1.0217506382926023,-0.042232285573419244,-1.3675507666531237,0.2862816252712085,1
249,GP,16,U,GT3,T,other,other,other,mother,1,1,0,0,0,1,0,0,1,1,0,4,5,0,13,15,15,2,B,7,3,1,-0.5455950010300283,-1.23378605710917,0.8554227017747934,-0.7133315635210776,1
250,GP,18,U,GT3,T,services,other,course,mother,2,1,1,0,0,0,0,1,0,1,0,4,5,0,6,8,8,4,D,5,3,2,1.0217506382926023,-1.23378605710917,-0.6265596105104847,-0.7133315635210776,1
251,GP,16,U,GT3,T,at_home,other,reputation,other,3,2,0,1,1,0,0,0,1,1,0,5,2,6,7,10,10,3,D,5,2,3,-0.5455950010300283,-0.042232285573419244,-0.6265596105104847,0.03637832807313696,1
252,GP,18,U,GT3,T,services,services,other,mother,1,1,1,0,0,0,0,0,0,1,0,3,5,4,6,9,8,4,D,5,4,2,1.0217506382926023,-1.23378605710917,-0.6265596105104847,-0.21352496912493457,1
253,GP,16,R,GT3,T,other,other,course,mother,2,1,0,0,0,0,1,0,1,0,0,3,3,0,8,9,8,2,D,5,2,2,-0.5455950010300283,-1.23378605710917,-0.6265596105104847,-0.7133315635210776,1
254,GP,17,R,GT3,T,other,other,course,mother,1,1,0,0,0,0,0,0,1,1,0,4,5,0,8,12,12,3,C,6,3,2,0.23807781863128694,-1.23378605710917,0.11443154563215434,-0.7133315635210776,1
255,GP,17,U,LE3,T,health,other,course,mother,2,1,1,0,1,0,1,1,1,1,0,4,5,2,7,9,8,4,D,5,2,1,0.23807781863128694,-1.23378605710917,-0.6265596105104847,-0.4634282663230061,1
256,GP,17,U,LE3,T,teacher,services,reputation,mother,1,4,0,0,1,1,1,1,1,1,0,4,4,6,14,12,13,2,B,7,1,3,0.23807781863128694,2.3408752574980825,0.8554227017747934,0.03637832807313696,0
257,GP,19,U,LE3,A,services,at_home,reputation,mother,1,2,0,0,1,0,0,1,1,1,0,4,1,12,11,11,11,2,C,6,1,4,1.8054234579539177,-0.042232285573419244,0.11443154563215434,0.7860882196673515,1
258,GP,18,U,GT3,T,other,other,home,mother,1,2,0,0,0,0,1,1,1,1,0,5,4,8,15,14,14,3,B,7,2,2,1.0217506382926023,-0.042232285573419244,0.8554227017747934,0.2862816252712085,1
259,GP,17,U,LE3,T,services,services,course,father,1,4,0,0,0,1,1,1,1,1,1,3,2,0,10,9,0,2,E,4,1,2,0.23807781863128694,2.3408752574980825,-1.3675507666531237,-0.7133315635210776,0
260,GP,18,U,GT3,T,services,other,home,father,1,2,0,0,1,1,0,1,1,1,1,3,2,21,17,18,18,2,AB,8,2,4,1.0217506382926023,-0.042232285573419244,1.5964138579174325,1.9106530570586735,0
261,GP,18,U,GT3,T,teacher,other,course,mother,1,2,0,0,1,1,0,0,1,1,0,4,3,2,8,8,8,2,D,5,1,4,1.0217506382926023,-0.042232285573419244,-0.6265596105104847,-0.4634282663230061,1
262,GP,18,R,GT3,T,other,other,course,mother,1,3,0,0,0,0,1,0,1,0,0,5,3,1,13,12,12,2,C,6,1,2,1.0217506382926023,1.1493214859623315,0.11443154563215434,-0.5883799149220419,1
263,GP,17,U,GT3,T,other,other,home,mother,1,3,0,0,0,0,1,0,1,0,0,3,4,4,10,9,9,2,D,5,1,3,0.23807781863128694,1.1493214859623315,-0.6265596105104847,-0.21352496912493457,0
264,GP,18,U,GT3,T,at_home,services,home,mother,1,3,0,0,1,1,1,1,1,1,1,4,3,0,9,10,0,3,E,4,1,2,1.0217506382926023,1.1493214859623315,-1.3675507666531237,-0.7133315635210776,0
265,GP,18,R,LE3,A,other,other,reputation,mother,2,2,0,0,1,1,1,1,1,1,0,4,1,13,17,17,17,4,AB,8,4,4,1.0217506382926023,-0.042232285573419244,1.5964138579174325,0.9110398682663873,1
266,GP,17,U,GT3,T,services,other,other,mother,1,2,0,0,0,1,1,1,1,1,1,5,5,2,9,9,10,4,D,5,4,2,0.23807781863128694,-0.042232285573419244,-0.6265596105104847,-0.4634282663230061,1
267,GP,18,R,GT3,T,teacher,other,reputation,mother,2,2,0,0,0,1,1,1,1,1,0,4,4,8,12,10,11,4,C,6,2,4,1.0217506382926023,-0.042232285573419244,0.11443154563215434,0.2862816252712085,0
268,GP,18,U,GT3,T,health,other,reputation,father,1,2,0,0,1,1,1,1,1,1,1,5,5,10,10,9,10,4,C,6,2,3,1.0217506382926023,-0.042232285573419244,0.11443154563215434,0.5361849224692801,1
269,GP,18,R,GT3,T,other,other,reputation,mother,2,2,0,0,1,0,0,1,0,1,1,4,3,0,6,0,0,4,F,2,2,2,1.0217506382926023,-0.042232285573419244,-2.849533078938402,-0.7133315635210776,0
270,GP,19,U,GT3,T,other,services,home,other,1,2,2,0,1,1,1,1,1,1,0,4,5,15,9,9,9,4,D,5,3,3,1.8054234579539177,-0.042232285573419244,-0.6265596105104847,1.1609431654644589,0
271,GP,18,U,GT3,T,other,services,reputation,father,1,4,0,0,1,1,1,1,1,1,1,4,2,4,15,14,14,5,B,7,2,2,1.0217506382926023,2.3408752574980825,0.8554227017747934,-0.21352496912493457,0
272,GP,18,U,LE3,T,other,other,home,mother,2,2,0,0,1,1,0,0,1,0,0,4,3,2,11,11,11,4,C,6,1,1,1.0217506382926023,-0.042232285573419244,0.11443154563215434,-0.4634282663230061,0
273,GP,17,R,GT3,T,at_home,at_home,home,mother,1,2,0,0,1,1,1,0,1,0,1,3,1,2,15,14,14,4,B,7,2,2,0.23807781863128694,-0.042232285573419244,0.8554227017747934,-0.4634282663230061,1
274,GP,17,U,GT3,T,at_home,health,reputation,mother,2,2,0,0,1,1,0,1,1,1,1,4,1,2,10,10,10,3,C,6,1,3,0.23807781863128694,-0.042232285573419244,0.11443154563215434,-0.4634282663230061,0
275,GP,17,U,LE3,T,services,other,course,mother,2,2,0,1,1,1,0,1,1,1,1,4,5,6,12,12,12,4,C,6,2,2,0.23807781863128694,-0.042232285573419244,0.11443154563215434,0.03637832807313696,0
276,GP,18,R,GT3,A,other,services,home,mother,2,2,0,0,0,0,0,0,0,1,1,4,5,75,10,9,9,1,D,5,1,2,1.0217506382926023,-0.042232285573419244,-0.6265596105104847,8.658042081406604,0
277,GP,18,U,GT3,T,teacher,services,home,mother,2,1,0,0,0,1,1,1,1,1,0,3,3,22,9,9,9,3,D,5,2,4,1.0217506382926023,-1.23378605710917,-0.6265596105104847,2.0356047056577093,1
278,GP,18,U,GT3,T,health,health,reputation,father,1,2,1,1,1,0,1,1,1,1,1,2,4,15,9,8,8,4,D,5,1,4,1.0217506382926023,-0.042232285573419244,-0.6265596105104847,1.1609431654644589,0
279,GP,18,U,LE3,T,teacher,services,course,mother,2,1,0,0,0,1,1,1,1,1,0,4,1,8,10,11,10,2,C,6,2,4,1.0217506382926023,-1.23378605710917,0.11443154563215434,0.2862816252712085,1
280,GP,17,U,LE3,A,services,other,home,mother,2,1,0,0,0,1,1,1,1,1,1,4,5,30,8,8,8,4,D,5,3,2,0.23807781863128694,-1.23378605710917,-0.6265596105104847,3.0352178944499952,1
281,GP,17,U,LE3,A,teacher,services,home,mother,1,1,1,0,0,0,0,1,1,1,0,4,3,19,11,9,10,4,C,6,4,2,0.23807781863128694,-1.23378605710917,0.11443154563215434,1.6607497598606018,1
282,GP,18,R,LE3,T,at_home,other,reputation,mother,2,4,0,0,1,1,1,1,1,0,0,5,3,1,12,12,12,2,C,6,1,1,1.0217506382926023,2.3408752574980825,0.11443154563215434,-0.5883799149220419,0
283,GP,18,U,GT3,T,other,other,home,mother,2,2,0,1,0,0,1,1,1,1,0,5,4,4,8,9,10,4,D,5,1,1,1.0217506382926023,-0.042232285573419244,-0.6265596105104847,-0.21352496912493457,0
284,GP,17,U,GT3,T,other,other,course,mother,1,2,0,0,1,0,0,0,1,1,0,5,5,4,10,9,11,4,C,6,2,2,0.23807781863128694,-0.042232285573419244,0.11443154563215434,-0.21352496912493457,0
285,GP,17,U,GT3,T,other,other,reputation,father,1,2,0,0,0,1,0,0,1,1,0,4,4,2,12,10,11,3,C,6,2,1,0.23807781863128694,-0.042232285573419244,0.11443154563215434,-0.4634282663230061,1
286,GP,18,U,GT3,T,at_home,at_home,other,mother,1,3,0,0,1,1,0,1,1,1,0,4,2,5,18,18,19,3,AB,8,2,2,1.0217506382926023,1.1493214859623315,1.5964138579174325,-0.0885733205258988,0
287,GP,17,U,GT3,T,services,teacher,reputation,mother,1,3,0,0,1,1,0,1,1,1,0,4,3,6,13,12,12,3,C,6,1,1,0.23807781863128694,1.1493214859623315,0.11443154563215434,0.03637832807313696,0
288,GP,18,U,GT3,T,services,services,reputation,mother,1,3,0,0,0,1,1,1,1,1,0,4,2,6,15,14,14,3,B,7,2,2,1.0217506382926023,1.1493214859623315,0.8554227017747934,0.03637832807313696,1
289,GP,18,U,LE3,A,teacher,teacher,reputation,mother,1,2,0,0,1,1,1,1,1,1,0,5,2,9,15,13,15,4,B,7,1,4,1.0217506382926023,-0.042232285573419244,0.8554227017747934,0.4112332738702443,1
290,GP,18,U,GT3,T,teacher,other,home,mother,1,2,0,0,1,1,1,1,1,1,1,4,5,11,12,11,11,2,C,6,2,3,1.0217506382926023,-0.042232285573419244,0.11443154563215434,0.6611365710683158,1
291,GP,17,U,GT3,T,health,services,reputation,mother,1,3,0,0,1,1,0,1,1,1,0,4,3,0,15,15,15,2,B,7,2,4,0.23807781863128694,1.1493214859623315,0.8554227017747934,-0.7133315635210776,0
292,GP,18,U,LE3,T,services,at_home,reputation,mother,1,2,1,0,0,0,0,1,1,1,1,5,5,12,12,12,13,4,C,6,1,2,1.0217506382926023,-0.042232285573419244,0.11443154563215434,0.7860882196673515,0
293,GP,17,R,LE3,T,services,other,reputation,mother,2,4,0,0,1,1,0,1,1,0,0,3,3,6,18,18,18,2,AB,8,1,2,0.23807781863128694,2.3408752574980825,1.5964138579174325,0.03637832807313696,0
294,GP,18,R,LE3,T,services,other,reputation,mother,2,3,0,0,1,1,1,1,1,1,0,5,4,8,14,13,14,3,B,7,1,2,1.0217506382926023,1.1493214859623315,0.8554227017747934,0.2862816252712085,1
295,GP,17,U,GT3,T,health,other,home,mother,1,1,0,0,1,1,0,1,1,1,0,4,5,4,14,12,11,4,C,6,2,3,0.23807781863128694,-1.23378605710917,0.11443154563215434,-0.21352496912493457,1
296,GP,19,U,GT3,T,health,other,reputation,other,2,2,0,0,1,1,1,1,1,1,0,2,2,0,10,9,0,4,E,4,2,4,1.8054234579539177,-0.042232285573419244,-1.3675507666531237,-0.7133315635210776,0
297,GP,18,U,LE3,T,other,other,home,other,2,2,0,0,1,1,0,1,1,1,1,4,2,10,10,8,8,4,D,5,2,4,1.0217506382926023,-0.042232285573419244,-0.6265596105104847,0.5361849224692801,0
298,GP,18,U,GT3,T,other,other,reputation,father,1,4,0,0,1,1,0,1,1,1,0,4,3,0,14,13,14,3,B,7,1,4,1.0217506382926023,2.3408752574980825,0.8554227017747934,-0.7133315635210776,0
299,GP,18,U,LE3,T,teacher,teacher,home,mother,1,1,0,0,1,1,0,1,1,1,1,1,1,5,16,15,16,3,AB,8,2,4,1.0217506382926023,-1.23378605710917,1.5964138579174325,-0.0885733205258988,1
300,GP,18,U,LE3,A,health,other,home,mother,1,2,0,0,1,0,0,1,1,1,1,4,4,14,12,10,11,3,C,6,1,4,1.0217506382926023,-0.042232285573419244,0.11443154563215434,1.035991516865423,0
301,GP,17,U,LE3,T,other,teacher,home,father,2,1,0,0,0,1,0,1,1,1,0,4,5,0,11,11,10,1,C,6,2,4,0.23807781863128694,-1.23378605710917,0.11443154563215434,-0.7133315635210776,1
302,GP,17,U,GT3,T,other,other,reputation,mother,2,3,0,0,1,1,0,1,1,1,0,4,3,0,15,12,14,3,B,7,1,3,0.23807781863128694,1.1493214859623315,0.8554227017747934,-0.7133315635210776,0
303,GP,17,U,GT3,T,health,health,reputation,father,1,4,0,0,1,1,1,0,1,1,0,5,5,0,17,17,18,2,AB,8,2,2,0.23807781863128694,2.3408752574980825,1.5964138579174325,-0.7133315635210776,0
304,GP,19,U,GT3,T,other,other,home,other,1,2,1,0,1,0,1,1,1,1,1,4,3,20,15,14,13,4,B,7,1,3,1.8054234579539177,-0.042232285573419244,0.8554227017747934,1.7857014084596377,1
305,GP,18,U,GT3,T,services,at_home,reputation,other,1,2,1,0,1,1,1,1,1,1,0,4,3,8,14,12,12,4,B,7,1,3,1.0217506382926023,-0.042232285573419244,0.8554227017747934,0.2862816252712085,0
306,GP,20,U,GT3,A,services,other,course,other,1,1,0,0,0,0,1,1,1,0,0,5,5,0,17,18,18,4,AB,8,1,2,2.589096277615233,-1.23378605710917,1.5964138579174325,-0.7133315635210776,1
307,GP,19,U,GT3,T,teacher,services,reputation,other,2,1,1,0,1,1,0,1,1,1,1,4,4,38,8,9,8,4,D,5,1,4,1.8054234579539177,-1.23378605710917,-0.6265596105104847,4.034831083242281,1
308,GP,19,R,GT3,T,other,services,reputation,father,1,2,1,0,0,0,1,1,1,0,1,4,5,0,15,12,12,4,B,7,2,3,1.8054234579539177,-0.042232285573419244,0.8554227017747934,-0.7133315635210776,1
309,GP,19,U,LE3,T,at_home,other,reputation,other,1,2,1,1,1,0,1,0,1,1,0,4,3,18,12,10,10,4,C,6,2,1,1.8054234579539177,-0.042232285573419244,0.11443154563215434,1.5357981112615662,0
310,GP,19,U,LE3,T,services,services,home,other,1,2,1,0,0,0,1,0,1,0,1,4,3,0,9,9,0,3,E,4,2,2,1.8054234579539177,-0.042232285573419244,-1.3675507666531237,-0.7133315635210776,0
311,GP,19,U,GT3,T,at_home,other,other,other,3,2,0,0,1,0,0,1,0,1,1,3,2,20,14,12,13,2,B,7,1,2,1.8054234579539177,-0.042232285573419244,0.8554227017747934,1.7857014084596377,0
312,GP,19,U,GT3,T,other,services,course,other,1,2,1,0,0,0,0,0,1,1,0,4,4,3,13,11,11,4,C,6,2,2,1.8054234579539177,-0.042232285573419244,0.11443154563215434,-0.3384766177239703,1
313,GP,19,U,LE3,T,services,other,reputation,other,2,2,1,0,1,1,0,0,1,1,1,4,1,22,13,10,11,2,C,6,2,2,1.8054234579539177,-0.042232285573419244,0.11443154563215434,2.0356047056577093,0
314,GP,19,U,GT3,T,at_home,health,home,other,1,3,2,0,0,0,0,0,1,1,1,4,3,14,15,13,13,2,B,7,1,1,1.8054234579539177,1.1493214859623315,0.8554227017747934,1.035991516865423,0
315,GP,19,R,GT3,T,other,other,reputation,other,1,3,1,0,0,0,0,1,1,1,1,4,3,40,13,11,11,2,C,6,1,2,1.8054234579539177,1.1493214859623315,0.11443154563215434,4.284734380440352,0
316,GP,18,U,GT3,T,services,other,course,mother,2,2,0,0,1,1,1,1,1,1,0,5,1,0,8,8,0,3,E,4,2,2,1.0217506382926023,-0.042232285573419244,-1.3675507666531237,-0.7133315635210776,0
317,GP,18,U,GT3,T,other,other,course,mother,1,3,0,0,1,1,1,1,1,1,1,4,5,9,9,10,9,4,D,5,1,4,1.0217506382926023,1.1493214859623315,-0.6265596105104847,0.4112332738702443,0
318,GP,17,R,GT3,T,at_home,services,course,father,1,3,0,0,1,1,1,0,1,1,0,4,5,0,11,11,10,4,C,6,4,4,0.23807781863128694,1.1493214859623315,0.11443154563215434,-0.7133315635210776,0
319,GP,18,U,GT3,T,teacher,other,course,mother,1,2,0,0,1,1,0,1,1,1,0,4,5,2,11,11,11,4,C,6,3,4,1.0217506382926023,-0.042232285573419244,0.11443154563215434,-0.4634282663230061,0
320,GP,17,U,GT3,A,services,services,course,mother,1,2,0,0,1,1,0,1,1,1,1,5,5,23,13,13,13,2,B,7,2,4,0.23807781863128694,-0.042232285573419244,0.8554227017747934,2.160556354256745,0
321,GP,17,U,GT3,T,other,other,course,mother,1,2,0,0,1,0,0,1,1,0,1,4,3,12,11,9,9,2,C,6,1,2,0.23807781863128694,-0.042232285573419244,0.11443154563215434,0.7860882196673515,0
322,GP,17,R,LE3,T,services,services,course,mother,1,3,0,0,1,1,1,1,1,1,0,3,3,3,11,11,11,2,C,6,2,2,0.23807781863128694,1.1493214859623315,0.11443154563215434,-0.3384766177239703,0
323,GP,17,U,GT3,T,services,services,course,father,1,3,0,0,1,0,0,0,1,1,0,3,5,1,12,14,15,4,B,7,2,2,0.23807781863128694,1.1493214859623315,0.8554227017747934,-0.5883799149220419,0
324,GP,17,U,LE3,T,at_home,at_home,home,father,2,3,0,0,0,0,0,1,1,1,0,3,2,0,16,15,15,3,B,7,2,1,0.23807781863128694,1.1493214859623315,0.8554227017747934,-0.7133315635210776,0
325,GP,18,U,GT3,T,other,other,course,mother,1,3,0,0,0,0,1,1,1,1,0,4,3,3,9,12,11,3,C,6,2,4,1.0217506382926023,1.1493214859623315,0.11443154563215434,-0.3384766177239703,1
326,GP,17,U,GT3,T,other,services,reputation,mother,1,1,0,0,0,0,1,0,1,1,0,4,5,3,14,15,16,4,B,7,4,3,0.23807781863128694,-1.23378605710917,0.8554227017747934,-0.3384766177239703,1
327,GP,17,R,GT3,T,services,other,course,mother,4,1,0,0,1,0,0,1,1,1,0,4,4,8,11,10,10,4,C,6,5,2,0.23807781863128694,-1.23378605710917,0.11443154563215434,0.2862816252712085,1
328,GP,17,U,GT3,T,teacher,services,course,mother,1,3,0,0,1,1,1,1,1,1,0,5,4,7,10,9,9,4,D,5,2,4,0.23807781863128694,1.1493214859623315,-0.6265596105104847,0.16132997667217272,0
329,GP,17,U,GT3,T,teacher,teacher,course,mother,2,3,0,0,1,1,0,0,1,1,1,4,4,4,14,14,14,3,B,7,2,4,0.23807781863128694,1.1493214859623315,0.8554227017747934,-0.21352496912493457,0
330,GP,18,U,LE3,T,other,other,course,mother,1,4,0,0,1,0,1,1,1,1,0,4,5,2,9,8,8,5,D,5,3,2,1.0217506382926023,2.3408752574980825,-0.6265596105104847,-0.4634282663230061,1
331,GP,17,R,GT3,T,at_home,other,course,father,1,3,0,0,1,0,0,1,1,1,1,4,5,7,12,14,14,4,B,7,1,3,0.23807781863128694,1.1493214859623315,0.8554227017747934,0.16132997667217272,0
332,GP,18,U,GT3,T,services,services,home,mother,1,2,0,0,0,0,1,1,1,1,0,5,4,0,7,0,0,4,F,2,1,3,1.0217506382926023,-0.042232285573419244,-2.849533078938402,-0.7133315635210776,0
333,GP,18,U,LE3,T,other,other,home,other,1,2,0,0,0,0,1,0,1,1,1,4,2,0,8,8,0,3,E,4,1,2,1.0217506382926023,-0.042232285573419244,-1.3675507666531237,-0.7133315635210776,0
334,GP,18,R,GT3,T,at_home,other,course,mother,2,4,0,0,0,0,1,1,1,0,0,4,4,0,10,9,0,4,E,4,1,2,1.0217506382926023,2.3408752574980825,-1.3675507666531237,-0.7133315635210776,0
335,GP,17,U,GT3,T,services,other,course,mother,1,3,0,0,0,0,0,1,1,1,0,4,5,16,16,15,15,4,B,7,2,4,0.23807781863128694,1.1493214859623315,0.8554227017747934,1.2858948140634945,0
336,GP,19,R,GT3,A,services,at_home,home,other,1,3,1,0,0,1,0,1,1,0,0,5,5,12,14,13,13,4,B,7,2,2,1.8054234579539177,1.1493214859623315,0.8554227017747934,0.7860882196673515,0
337,GP,17,U,GT3,T,other,other,home,mother,1,2,0,0,1,1,0,1,1,1,1,4,2,0,7,8,0,2,E,4,2,2,0.23807781863128694,-0.042232285573419244,-1.3675507666531237,-0.7133315635210776,0
338,GP,18,U,LE3,T,services,services,home,mother,1,4,0,0,1,0,0,1,1,1,0,5,1,7,16,15,17,3,AB,8,1,3,1.0217506382926023,2.3408752574980825,1.5964138579174325,0.16132997667217272,0
339,GP,17,R,GT3,A,other,other,home,mother,1,2,0,0,1,1,0,1,1,1,0,4,2,4,9,10,10,3,C,6,2,2,0.23807781863128694,-0.042232285573419244,0.11443154563215434,-0.21352496912493457,0
340,GP,19,U,GT3,T,services,services,home,other,1,3,1,0,0,1,1,1,1,1,1,4,3,4,11,12,11,4,C,6,2,2,1.8054234579539177,1.1493214859623315,0.11443154563215434,-0.21352496912493457,0
341,GP,18,U,GT3,T,teacher,services,home,father,1,2,1,0,1,0,1,1,1,1,0,4,2,0,10,10,0,3,D,5,2,4,1.0217506382926023,-0.042232285573419244,-0.6265596105104847,-0.7133315635210776,1
342,GP,18,U,LE3,T,services,other,home,mother,1,2,0,0,0,0,1,1,1,1,1,4,5,11,16,15,15,3,B,7,2,4,1.0217506382926023,-0.042232285573419244,0.8554227017747934,0.6611365710683158,1
343,GP,17,U,GT3,A,at_home,at_home,home,father,1,2,1,0,1,0,0,1,1,1,1,3,4,0,9,8,0,2,E,4,2,2,0.23807781863128694,-0.042232285573419244,-1.3675507666531237,-0.7133315635210776,0
344,GP,18,U,GT3,T,at_home,other,course,mother,1,3,0,0,1,0,0,1,1,1,0,4,3,4,11,10,10,3,C,6,2,2,1.0217506382926023,1.1493214859623315,0.11443154563215434,-0.21352496912493457,0
345,GP,18,U,GT3,T,other,services,other,mother,1,3,0,0,0,0,0,1,1,1,1,5,1,7,13,13,14,4,B,7,2,2,1.0217506382926023,1.1493214859623315,0.8554227017747934,0.16132997667217272,0
346,GP,18,R,GT3,T,teacher,services,course,mother,1,3,0,0,0,0,0,1,1,1,1,5,4,9,16,15,16,2,AB,8,2,4,1.0217506382926023,1.1493214859623315,1.5964138579174325,0.4112332738702443,1
347,GP,18,U,GT3,T,teacher,other,course,mother,1,3,0,0,1,1,0,1,1,1,1,5,5,0,10,10,9,4,C,6,2,4,1.0217506382926023,1.1493214859623315,0.11443154563215434,-0.7133315635210776,1
348,GP,17,U,GT3,T,health,other,reputation,mother,1,3,0,0,1,1,1,1,1,1,1,4,4,0,13,15,15,4,B,7,2,4,0.23807781863128694,1.1493214859623315,0.8554227017747934,-0.7133315635210776,0
349,MS,18,R,GT3,T,other,other,course,mother,2,1,1,0,1,0,0,0,1,1,0,2,5,10,11,13,13,5,C,6,5,2,1.0217506382926023,-1.23378605710917,0.11443154563215434,0.5361849224692801,1
350,MS,19,R,GT3,T,other,services,home,other,3,2,3,0,0,0,0,1,1,1,0,5,2,8,8,7,8,4,D,5,3,1,1.8054234579539177,-0.042232285573419244,-0.6265596105104847,0.2862816252712085,1
351,MS,17,U,GT3,T,health,other,course,mother,2,2,0,0,1,1,0,1,1,1,0,4,3,2,13,13,13,4,B,7,2,3,0.23807781863128694,-0.042232285573419244,0.8554227017747934,-0.4634282663230061,1
352,MS,18,U,LE3,T,at_home,services,course,mother,1,1,1,0,0,0,0,1,0,1,1,4,3,7,8,7,8,3,D,5,2,2,1.0217506382926023,-1.23378605710917,-0.6265596105104847,0.16132997667217272,1
353,MS,19,R,GT3,T,other,other,home,other,3,1,1,0,1,0,0,1,1,1,0,4,5,4,8,8,8,4,D,5,3,1,1.8054234579539177,-1.23378605710917,-0.6265596105104847,-0.21352496912493457,1
354,MS,17,R,GT3,T,services,other,home,mother,2,2,0,0,1,1,1,0,1,1,1,4,2,4,13,11,11,5,C,6,2,4,0.23807781863128694,-0.042232285573419244,0.11443154563215434,-0.21352496912493457,1
355,MS,18,U,GT3,T,services,services,course,father,1,2,0,0,1,0,0,1,1,0,1,5,5,0,10,9,9,4,D,5,1,3,1.0217506382926023,-0.042232285573419244,-0.6265596105104847,-0.7133315635210776,0
356,MS,17,R,GT3,T,teacher,services,other,father,2,2,0,0,1,1,1,1,1,1,0,4,5,4,12,13,13,3,B,7,2,4,0.23807781863128694,-0.042232285573419244,0.8554227017747934,-0.21352496912493457,0
357,MS,17,U,LE3,A,services,other,reputation,mother,2,2,0,0,0,0,0,1,1,0,1,1,5,2,12,12,11,2,C,6,2,2,0.23807781863128694,-0.042232285573419244,0.11443154563215434,-0.4634282663230061,0
358,MS,18,U,LE3,T,other,services,home,father,2,1,0,0,0,0,0,0,1,1,1,3,3,4,10,10,10,2,C,6,2,1,1.0217506382926023,-1.23378605710917,0.11443154563215434,-0.21352496912493457,1
359,MS,18,U,LE3,T,at_home,services,course,father,2,3,0,0,0,0,0,1,1,1,0,5,4,0,18,16,16,2,AB,8,1,1,1.0217506382926023,1.1493214859623315,1.5964138579174325,-0.7133315635210776,0
360,MS,18,R,LE3,A,at_home,other,course,mother,3,2,0,0,0,0,0,1,1,0,1,4,5,0,13,13,13,4,B,7,2,2,1.0217506382926023,-0.042232285573419244,0.8554227017747934,-0.7133315635210776,0
361,MS,18,R,LE3,T,at_home,other,other,mother,2,2,1,0,0,0,1,0,0,0,0,4,5,2,13,12,12,4,C,6,2,1,1.0217506382926023,-0.042232285573419244,0.11443154563215434,-0.4634282663230061,1
362,MS,18,U,GT3,T,services,services,other,mother,2,2,0,0,1,0,0,1,1,1,1,4,3,0,11,11,10,2,C,6,2,3,1.0217506382926023,-0.042232285573419244,0.11443154563215434,-0.7133315635210776,0
363,MS,17,U,LE3,T,at_home,at_home,course,mother,1,2,0,0,1,1,1,1,1,1,1,2,1,0,16,15,15,4,B,7,1,4,0.23807781863128694,-0.042232285573419244,0.8554227017747934,-0.7133315635210776,0
364,MS,17,R,GT3,T,other,services,course,father,2,2,0,0,0,0,0,0,1,0,0,3,3,0,12,11,12,2,C,6,2,2,0.23807781863128694,-0.042232285573419244,0.11443154563215434,-0.7133315635210776,0
365,MS,18,R,GT3,T,at_home,other,course,mother,2,2,0,0,1,1,0,1,1,0,0,3,3,4,10,10,10,4,C,6,3,2,1.0217506382926023,-0.042232285573419244,0.11443154563215434,-0.21352496912493457,1
366,MS,18,U,LE3,T,teacher,services,other,mother,2,3,0,0,0,1,0,1,1,1,1,4,5,0,13,13,13,2,B,7,2,4,1.0217506382926023,1.1493214859623315,0.8554227017747934,-0.7133315635210776,1
367,MS,17,R,GT3,T,other,services,reputation,mother,3,1,1,0,1,1,0,1,1,1,1,5,1,0,7,6,0,2,E,4,2,1,0.23807781863128694,-1.23378605710917,-1.3675507666531237,-0.7133315635210776,0
368,MS,18,U,GT3,T,at_home,services,course,father,2,1,0,0,1,1,0,1,1,1,1,5,4,0,11,10,10,2,C,6,2,2,1.0217506382926023,-1.23378605710917,0.11443154563215434,-0.7133315635210776,0
369,MS,18,R,GT3,T,other,teacher,other,father,3,2,0,0,1,1,0,0,1,1,1,3,5,10,14,12,11,2,C,6,3,4,1.0217506382926023,-0.042232285573419244,0.11443154563215434,0.5361849224692801,0
370,MS,19,U,LE3,T,services,services,home,other,2,2,2,0,0,0,1,1,1,0,1,3,3,4,7,7,9,2,D,5,1,2,1.8054234579539177,-0.042232285573419244,-0.6265596105104847,-0.21352496912493457,0
371,MS,18,R,LE3,T,at_home,services,other,father,3,1,0,0,1,1,1,1,0,1,1,4,3,3,14,12,12,3,B,7,2,2,1.0217506382926023,-1.23378605710917,0.8554227017747934,-0.3384766177239703,1
372,MS,17,U,GT3,T,other,at_home,home,mother,1,3,0,0,0,0,1,1,1,0,1,3,3,8,13,11,11,4,C,6,1,2,0.23807781863128694,1.1493214859623315,0.11443154563215434,0.2862816252712085,0
373,MS,17,R,GT3,T,other,other,course,mother,1,1,0,0,0,0,1,1,1,1,0,3,1,14,6,5,5,5,E,4,2,2,0.23807781863128694,-1.23378605710917,-1.3675507666531237,1.035991516865423,0
374,MS,18,R,LE3,T,other,other,reputation,mother,2,3,0,0,0,0,0,1,1,1,0,5,1,0,19,18,19,4,A,10,1,4,1.0217506382926023,1.1493214859623315,3.0783961702027107,-0.7133315635210776,0
375,MS,18,R,GT3,T,other,other,home,mother,4,3,0,0,0,0,0,1,1,1,0,4,4,2,8,8,10,2,D,5,2,1,1.0217506382926023,1.1493214859623315,-0.6265596105104847,-0.4634282663230061,0
376,MS,20,U,GT3,T,health,other,course,other,2,3,2,0,1,1,0,0,1,1,1,5,3,4,15,14,15,4,B,7,1,3,2.589096277615233,1.1493214859623315,0.8554227017747934,-0.21352496912493457,0
377,MS,18,R,LE3,T,teacher,services,course,mother,1,2,0,0,0,1,1,1,1,1,0,5,2,4,8,9,10,4,D,5,4,4,1.0217506382926023,-0.042232285573419244,-0.6265596105104847,-0.21352496912493457,0
378,MS,18,U,GT3,T,other,other,home,mother,1,2,0,0,0,1,0,1,1,1,1,4,1,0,15,15,15,2,B,7,2,3,1.0217506382926023,-0.042232285573419244,0.8554227017747934,-0.7133315635210776,0
379,MS,17,R,GT3,T,at_home,other,reputation,mother,1,2,0,0,1,1,1,0,1,1,0,4,1,17,10,10,10,4,C,6,2,2,0.23807781863128694,-0.042232285573419244,0.11443154563215434,1.4108464626625303,0
380,MS,18,U,GT3,T,teacher,teacher,home,father,1,2,0,0,0,1,1,0,1,1,0,3,2,4,15,14,14,3,B,7,2,4,1.0217506382926023,-0.042232285573419244,0.8554227017747934,-0.21352496912493457,1
381,MS,18,R,GT3,T,other,other,other,mother,2,1,0,0,0,0,1,0,1,1,1,4,5,5,7,6,7,4,D,5,2,2,1.0217506382926023,-1.23378605710917,-0.6265596105104847,-0.0885733205258988,1
382,MS,17,U,GT3,T,other,services,home,father,2,2,0,0,0,0,1,1,1,1,0,4,3,2,11,11,10,4,C,6,1,2,0.23807781863128694,-0.042232285573419244,0.11443154563215434,-0.4634282663230061,1
383,MS,19,R,GT3,T,other,services,other,mother,2,1,1,0,0,0,0,1,1,0,0,4,5,0,6,5,0,2,E,4,2,1,1.8054234579539177,-1.23378605710917,-1.3675507666531237,-0.7133315635210776,1
384,MS,18,R,GT3,T,other,other,home,father,2,1,1,0,0,1,0,1,1,0,0,5,3,14,6,5,5,4,E,4,4,3,1.0217506382926023,-1.23378605710917,-1.3675507666531237,1.035991516865423,1
385,MS,18,R,GT3,T,at_home,other,other,mother,2,3,0,0,0,1,0,1,1,0,0,5,4,2,10,9,10,3,C,6,2,2,1.0217506382926023,1.1493214859623315,0.11443154563215434,-0.4634282663230061,0
386,MS,18,R,GT3,T,teacher,at_home,reputation,mother,3,1,0,0,1,1,1,1,1,1,1,4,5,7,6,5,6,4,E,4,2,4,1.0217506382926023,-1.23378605710917,-1.3675507666531237,0.16132997667217272,0
387,MS,19,R,GT3,T,services,other,course,mother,1,3,1,0,0,0,1,0,1,1,0,5,5,0,7,5,0,3,E,4,2,2,1.8054234579539177,1.1493214859623315,-1.3675507666531237,-0.7133315635210776,0
388,MS,18,U,LE3,T,teacher,services,course,mother,1,2,0,0,1,1,0,1,1,1,0,4,1,0,7,9,8,4,D,5,1,2,1.0217506382926023,-0.042232285573419244,-0.6265596105104847,-0.7133315635210776,0
389,MS,18,U,GT3,T,other,other,course,mother,2,2,1,0,0,0,1,1,1,0,0,1,5,0,6,5,0,1,E,4,1,1,1.0217506382926023,-0.042232285573419244,-1.3675507666531237,-0.7133315635210776,0
390,MS,20,U,LE3,A,services,services,course,other,1,2,2,0,1,1,0,1,1,0,0,5,4,11,9,9,9,4,D,5,4,2,2.589096277615233,-0.042232285573419244,-0.6265596105104847,0.6611365710683158,1
391,MS,17,U,LE3,T,services,services,course,mother,2,1,0,0,0,0,0,0,1,1,0,2,2,3,14,16,16,4,B,7,4,2,0.23807781863128694,-1.23378605710917,0.8554227017747934,-0.3384766177239703,1
392,MS,21,R,GT3,T,other,other,course,other,1,1,3,0,0,0,0,0,1,0,0,5,3,3,10,8,7,4,D,5,3,1,3.372769097276548,-1.23378605710917,-0.6265596105104847,-0.3384766177239703,1
393,MS,18,R,LE3,T,services,other,course,mother,3,1,0,0,0,0,0,0,1,1,0,4,5,0,11,12,10,2,C,6,4,2,1.0217506382926023,-1.23378605710917,0.11443154563215434,-0.7133315635210776,1
394,MS,19,U,LE3,T,other,at_home,course,father,1,1,0,0,0,0,0,1,1,1,0,3,5,5,8,9,9,2,D,5,3,1,1.8054234579539177,-1.23378605710917,-0.6265596105104847,-0.0885733205258988,1
